UBIGEO,DEPARTAMENTO,PROVINCIA,DISTRITO
010202,Amazonas,BAGUA,ARAMANGO
010201,Amazonas,BAGUA,BAGUA
010203,Amazonas,BAGUA,COPALLIN
010204,Amazonas,BAGUA,EL PARCO
010205,Amazonas,BAGUA,IMAZA
010206,Amazonas,BAGUA,LA PECA
010302,Amazonas,BONGARA,CHISQUILLA
010303,Amazonas,BONGARA,CHURUJA
010304,Amazonas,BONGARA,COROSHA
010305,Amazonas,BONGARA,CUISPES
010306,Amazonas,BONGARA,FLORIDA
010307,Amazonas,BONGARA,JAZAN
010301,Amazonas,BONGARA,JUMBILLA
010308,Amazonas,BONGARA,RECTA
010309,Amazonas,BONGARA,SAN CARLOS
010310,Amazonas,BONGARA,SHIPASBAMBA
010311,Amazonas,BONGARA,VALERA
010312,Amazonas,BONGARA,YAMBRASBAMBA
010102,Amazonas,CHACHAPOYAS,ASUNCION
010103,Amazonas,CHACHAPOYAS,BALSAS
010101,Amazonas,CHACHAPOYAS,CHACHAPOYAS
010104,Amazonas,CHACHAPOYAS,CHETO
010105,Amazonas,CHACHAPOYAS,CHILIQUIN
010106,Amazonas,CHACHAPOYAS,CHUQUIBAMBA
010107,Amazonas,CHACHAPOYAS,GRANADA
010108,Amazonas,CHACHAPOYAS,HUANCAS
010109,Amazonas,CHACHAPOYAS,LA JALCA
010110,Amazonas,CHACHAPOYAS,LEIMEBAMBA
010111,Amazonas,CHACHAPOYAS,LEVANTO
010112,Amazonas,CHACHAPOYAS,MAGDALENA
010113,Amazonas,CHACHAPOYAS,MARISCAL CASTILLA
010114,Amazonas,CHACHAPOYAS,MOLINOPAMPA
010115,Amazonas,CHACHAPOYAS,MONTEVIDEO
010116,Amazonas,CHACHAPOYAS,OLLEROS
010117,Amazonas,CHACHAPOYAS,QUINJALCA
010118,Amazonas,CHACHAPOYAS,SAN FRANCISCO DE DAGUAS
010119,Amazonas,CHACHAPOYAS,SAN ISIDRO DE MAINO
010120,Amazonas,CHACHAPOYAS,SOLOCO
010121,Amazonas,CHACHAPOYAS,SONCHE
010402,Amazonas,CONDORCANQUI,EL CENEPA
010401,Amazonas,CONDORCANQUI,NIEVA
010403,Amazonas,CONDORCANQUI,RIO SANTIAGO
010502,Amazonas,LUYA,CAMPORREDONDO
010503,Amazonas,LUYA,COCABAMBA
010504,Amazonas,LUYA,COLCAMAR
010505,Amazonas,LUYA,CONILA
010506,Amazonas,LUYA,INGUILPATA
010501,Amazonas,LUYA,LAMUD
010507,Amazonas,LUYA,LONGUITA
010508,Amazonas,LUYA,LONYA CHICO
010509,Amazonas,LUYA,LUYA
010510,Amazonas,LUYA,LUYA VIEJO
010511,Amazonas,LUYA,MARIA
010512,Amazonas,LUYA,OCALLI
010513,Amazonas,LUYA,OCUMAL
010514,Amazonas,LUYA,PISUQUIA
010515,Amazonas,LUYA,PROVIDENCIA
010516,Amazonas,LUYA,SAN CRISTOBAL
010517,Amazonas,LUYA,SAN FRANCISCO DEL YESO
010518,Amazonas,LUYA,SAN JERONIMO
010519,Amazonas,LUYA,SAN JUAN DE LOPECANCHA
010520,Amazonas,LUYA,SANTA CATALINA
010521,Amazonas,LUYA,SANTO TOMAS
010522,Amazonas,LUYA,TINGO
010523,Amazonas,LUYA,TRITA
010602,Amazonas,RODRIGUEZ DE MENDOZA,CHIRIMOTO
010603,Amazonas,RODRIGUEZ DE MENDOZA,COCHAMAL
010604,Amazonas,RODRIGUEZ DE MENDOZA,HUAMBO
010605,Amazonas,RODRIGUEZ DE MENDOZA,LIMABAMBA
010606,Amazonas,RODRIGUEZ DE MENDOZA,LONGAR
010607,Amazonas,RODRIGUEZ DE MENDOZA,MARISCAL BENAVIDES
010608,Amazonas,RODRIGUEZ DE MENDOZA,MILPUC
010609,Amazonas,RODRIGUEZ DE MENDOZA,OMIA
010601,Amazonas,RODRIGUEZ DE MENDOZA,SAN NICOLAS
010610,Amazonas,RODRIGUEZ DE MENDOZA,SANTA ROSA
010611,Amazonas,RODRIGUEZ DE MENDOZA,TOTORA
010612,Amazonas,RODRIGUEZ DE MENDOZA,VISTA ALEGRE
010701,Amazonas,UTCUBAMBA,BAGUA GRANDE
010702,Amazonas,UTCUBAMBA,CAJARURO
010703,Amazonas,UTCUBAMBA,CUMBA
010704,Amazonas,UTCUBAMBA,EL MILAGRO
010705,Amazonas,UTCUBAMBA,JAMALCA
010706,Amazonas,UTCUBAMBA,LONYA GRANDE
010707,Amazonas,UTCUBAMBA,YAMON
020201,Ancash,AIJA,AIJA
020202,Ancash,AIJA,CORIS
020203,Ancash,AIJA,HUACLLAN
020204,Ancash,AIJA,LA MERCED
020205,Ancash,AIJA,SUCCHA
020302,Ancash,ANTONIO RAYMONDI,ACZO
020303,Ancash,ANTONIO RAYMONDI,CHACCHO
020304,Ancash,ANTONIO RAYMONDI,CHINGAS
020301,Ancash,ANTONIO RAYMONDI,LLAMELLIN
020305,Ancash,ANTONIO RAYMONDI,MIRGAS
020306,Ancash,ANTONIO RAYMONDI,SAN JUAN DE RONTOY
020402,Ancash,ASUNCION,ACOCHACA
020401,Ancash,ASUNCION,CHACAS
020502,Ancash,BOLOGNESI,ABELARDO PARDO LEZAMETA
020503,Ancash,BOLOGNESI,ANTONIO RAYMONDI
020504,Ancash,BOLOGNESI,AQUIA
020505,Ancash,BOLOGNESI,CAJACAY
020506,Ancash,BOLOGNESI,CANIS
020501,Ancash,BOLOGNESI,CHIQUIAN
020507,Ancash,BOLOGNESI,COLQUIOC
020508,Ancash,BOLOGNESI,HUALLANCA
020509,Ancash,BOLOGNESI,HUASTA
020510,Ancash,BOLOGNESI,HUAYLLACAYAN
020511,Ancash,BOLOGNESI,LA PRIMAVERA
020512,Ancash,BOLOGNESI,MANGAS
020513,Ancash,BOLOGNESI,PACLLON
020514,Ancash,BOLOGNESI,SAN MIGUEL DE CORPANQUI
020515,Ancash,BOLOGNESI,TICLLOS
020602,Ancash,CARHUAZ,ACOPAMPA
020603,Ancash,CARHUAZ,AMASHCA
020604,Ancash,CARHUAZ,ANTA
020605,Ancash,CARHUAZ,ATAQUERO
020601,Ancash,CARHUAZ,CARHUAZ
020606,Ancash,CARHUAZ,MARCARA
020607,Ancash,CARHUAZ,PARIAHUANCA
020608,Ancash,CARHUAZ,SAN MIGUEL DE ACO
020609,Ancash,CARHUAZ,SHILLA
020610,Ancash,CARHUAZ,TINCO
020611,Ancash,CARHUAZ,YUNGAR
020701,Ancash,CARLOS FERMIN FITZCARRALD,SAN LUIS
020702,Ancash,CARLOS FERMIN FITZCARRALD,SAN NICOLAS
020703,Ancash,CARLOS FERMIN FITZCARRALD,YAUYA
020802,Ancash,CASMA,BUENA VISTA ALTA
020801,Ancash,CASMA,CASMA
020803,Ancash,CASMA,COMANDANTE NOEL
020804,Ancash,CASMA,YAUTAN
020902,Ancash,CORONGO,ACO
020903,Ancash,CORONGO,BAMBAS
020901,Ancash,CORONGO,CORONGO
020904,Ancash,CORONGO,CUSCA
020905,Ancash,CORONGO,LA PAMPA
020906,Ancash,CORONGO,YANAC
020907,Ancash,CORONGO,YUPAN
020102,Ancash,HUARAZ,COCHABAMBA
020103,Ancash,HUARAZ,COLCABAMBA
020104,Ancash,HUARAZ,HUANCHAY
020101,Ancash,HUARAZ,HUARAZ
020105,Ancash,HUARAZ,INDEPENDENCIA
020106,Ancash,HUARAZ,JANGAS
020107,Ancash,HUARAZ,LA LIBERTAD
020108,Ancash,HUARAZ,OLLEROS
020109,Ancash,HUARAZ,PAMPAS GRANDE
020110,Ancash,HUARAZ,PARIACOTO
020111,Ancash,HUARAZ,PIRA
020112,Ancash,HUARAZ,TARICA
021002,Ancash,HUARI,ANRA
021003,Ancash,HUARI,CAJAY
021004,Ancash,HUARI,CHAVIN DE HUANTAR
021005,Ancash,HUARI,HUACACHI
021006,Ancash,HUARI,HUACCHIS
021007,Ancash,HUARI,HUACHIS
021008,Ancash,HUARI,HUANTAR
021001,Ancash,HUARI,HUARI
021009,Ancash,HUARI,MASIN
021010,Ancash,HUARI,PAUCAS
021011,Ancash,HUARI,PONTO
021012,Ancash,HUARI,RAHUAPAMPA
021013,Ancash,HUARI,RAPAYAN
021014,Ancash,HUARI,SAN MARCOS
021015,Ancash,HUARI,SAN PEDRO DE CHANA
021016,Ancash,HUARI,UCO
021102,Ancash,HUARMEY,COCHAPETI
021103,Ancash,HUARMEY,CULEBRAS
021101,Ancash,HUARMEY,HUARMEY
021104,Ancash,HUARMEY,HUAYAN
021105,Ancash,HUARMEY,MALVAS
021201,Ancash,HUAYLAS,CARAZ
021202,Ancash,HUAYLAS,HUALLANCA
021203,Ancash,HUAYLAS,HUATA
021204,Ancash,HUAYLAS,HUAYLAS
021205,Ancash,HUAYLAS,MATO
021206,Ancash,HUAYLAS,PAMPAROMAS
021207,Ancash,HUAYLAS,PUEBLO LIBRE
021208,Ancash,HUAYLAS,SANTA CRUZ
021209,Ancash,HUAYLAS,SANTO TORIBIO
021210,Ancash,HUAYLAS,YURACMARCA
021302,Ancash,MARISCAL LUZURIAGA,CASCA
021303,Ancash,MARISCAL LUZURIAGA,ELEAZAR GUZMAN BARRON
021304,Ancash,MARISCAL LUZURIAGA,FIDEL OLIVAS ESCUDERO
021305,Ancash,MARISCAL LUZURIAGA,LLAMA
021306,Ancash,MARISCAL LUZURIAGA,LLUMPA
021307,Ancash,MARISCAL LUZURIAGA,LUCMA
021308,Ancash,MARISCAL LUZURIAGA,MUSGA
021301,Ancash,MARISCAL LUZURIAGA,PISCOBAMBA
021402,Ancash,OCROS,ACAS
021403,Ancash,OCROS,CAJAMARQUILLA
021404,Ancash,OCROS,CARHUAPAMPA
021405,Ancash,OCROS,COCHAS
021406,Ancash,OCROS,CONGAS
021407,Ancash,OCROS,LLIPA
021401,Ancash,OCROS,OCROS
021408,Ancash,OCROS,SAN CRISTOBAL DE RAJAN
021409,Ancash,OCROS,SAN PEDRO
021410,Ancash,OCROS,SANTIAGO DE CHILCAS
021502,Ancash,PALLASCA,BOLOGNESI
021501,Ancash,PALLASCA,CABANA
021503,Ancash,PALLASCA,CONCHUCOS
021504,Ancash,PALLASCA,HUACASCHUQUE
021505,Ancash,PALLASCA,HUANDOVAL
021506,Ancash,PALLASCA,LACABAMBA
021507,Ancash,PALLASCA,LLAPO
021508,Ancash,PALLASCA,PALLASCA
021509,Ancash,PALLASCA,PAMPAS
021510,Ancash,PALLASCA,SANTA ROSA
021511,Ancash,PALLASCA,TAUCA
021602,Ancash,POMABAMBA,HUAYLLAN
021603,Ancash,POMABAMBA,PAROBAMBA
021601,Ancash,POMABAMBA,POMABAMBA
021604,Ancash,POMABAMBA,QUINUABAMBA
021702,Ancash,RECUAY,CATAC
021703,Ancash,RECUAY,COTAPARACO
021704,Ancash,RECUAY,HUAYLLAPAMPA
021705,Ancash,RECUAY,LLACLLIN
021706,Ancash,RECUAY,MARCA
021707,Ancash,RECUAY,PAMPAS CHICO
021708,Ancash,RECUAY,PARARIN
021701,Ancash,RECUAY,RECUAY
021709,Ancash,RECUAY,TAPACOCHA
021710,Ancash,RECUAY,TICAPAMPA
021802,Ancash,SANTA,CACERES DEL PERU
021801,Ancash,SANTA,CHIMBOTE
021803,Ancash,SANTA,COISHCO
021804,Ancash,SANTA,MACATE
021805,Ancash,SANTA,MORO
021806,Ancash,SANTA,NEPEÑA
021809,Ancash,SANTA,NUEVO CHIMBOTE
021807,Ancash,SANTA,SAMANCO
021808,Ancash,SANTA,SANTA
021902,Ancash,SIHUAS,ACOBAMBA
021903,Ancash,SIHUAS,ALFONSO UGARTE
021904,Ancash,SIHUAS,CASHAPAMPA
021905,Ancash,SIHUAS,CHINGALPO
021906,Ancash,SIHUAS,HUAYLLABAMBA
021907,Ancash,SIHUAS,QUICHES
021908,Ancash,SIHUAS,RAGASH
021909,Ancash,SIHUAS,SAN JUAN
021910,Ancash,SIHUAS,SICSIBAMBA
021901,Ancash,SIHUAS,SIHUAS
022002,Ancash,YUNGAY,CASCAPARA
022003,Ancash,YUNGAY,MANCOS
022004,Ancash,YUNGAY,MATACOTO
022005,Ancash,YUNGAY,QUILLO
022006,Ancash,YUNGAY,RANRAHIRCA
022007,Ancash,YUNGAY,SHUPLUY
022008,Ancash,YUNGAY,YANAMA
022001,Ancash,YUNGAY,YUNGAY
030101,Apurímac,ABANCAY,ABANCAY
030102,Apurímac,ABANCAY,CHACOCHE
030103,Apurímac,ABANCAY,CIRCA
030104,Apurímac,ABANCAY,CURAHUASI
030105,Apurímac,ABANCAY,HUANIPACA
030106,Apurímac,ABANCAY,LAMBRAMA
030107,Apurímac,ABANCAY,PICHIRHUA
030108,Apurímac,ABANCAY,SAN PEDRO DE CACHORA
030109,Apurímac,ABANCAY,TAMBURCO
030201,Apurímac,ANDAHUAYLAS,ANDAHUAYLAS
030202,Apurímac,ANDAHUAYLAS,ANDARAPA
030203,Apurímac,ANDAHUAYLAS,CHIARA
030204,Apurímac,ANDAHUAYLAS,HUANCARAMA
030205,Apurímac,ANDAHUAYLAS,HUANCARAY
030206,Apurímac,ANDAHUAYLAS,HUAYANA
030220,Apurímac,ANDAHUAYLAS,JOSE MARIA ARGUEDAS
030219,Apurímac,ANDAHUAYLAS,KAQUIABAMBA
030207,Apurímac,ANDAHUAYLAS,KISHUARA
030208,Apurímac,ANDAHUAYLAS,PACOBAMBA
030209,Apurímac,ANDAHUAYLAS,PACUCHA
030210,Apurímac,ANDAHUAYLAS,PAMPACHIRI
030211,Apurímac,ANDAHUAYLAS,POMACOCHA
030212,Apurímac,ANDAHUAYLAS,SAN ANTONIO DE CACHI
030213,Apurímac,ANDAHUAYLAS,SAN JERONIMO
030214,Apurímac,ANDAHUAYLAS,SAN MIGUEL DE CHACCRAMPA
030215,Apurímac,ANDAHUAYLAS,SANTA MARIA DE CHICMO
030216,Apurímac,ANDAHUAYLAS,TALAVERA
030217,Apurímac,ANDAHUAYLAS,TUMAY HUARACA
030218,Apurímac,ANDAHUAYLAS,TURPO
030301,Apurímac,ANTABAMBA,ANTABAMBA
030302,Apurímac,ANTABAMBA,EL ORO
030303,Apurímac,ANTABAMBA,HUAQUIRCA
030304,Apurímac,ANTABAMBA,JUAN ESPINOZA MEDRANO
030305,Apurímac,ANTABAMBA,OROPESA
030306,Apurímac,ANTABAMBA,PACHACONAS
030307,Apurímac,ANTABAMBA,SABAINO
030402,Apurímac,AYMARAES,CAPAYA
030403,Apurímac,AYMARAES,CARAYBAMBA
030401,Apurímac,AYMARAES,CHALHUANCA
030404,Apurímac,AYMARAES,CHAPIMARCA
030405,Apurímac,AYMARAES,COLCABAMBA
030406,Apurímac,AYMARAES,COTARUSE
030407,Apurímac,AYMARAES,HUAYLLO
030408,Apurímac,AYMARAES,JUSTO APU SAHUARAURA
030409,Apurímac,AYMARAES,LUCRE
030410,Apurímac,AYMARAES,POCOHUANCA
030411,Apurímac,AYMARAES,SAN JUAN DE CHACÑA
030412,Apurímac,AYMARAES,SAÑAYCA
030413,Apurímac,AYMARAES,SORAYA
030414,Apurímac,AYMARAES,TAPAIRIHUA
030415,Apurímac,AYMARAES,TINTAY
030416,Apurímac,AYMARAES,TORAYA
030417,Apurímac,AYMARAES,YANACA
030612,Apurímac,CHINCHEROS,AHUAYRO
030602,Apurímac,CHINCHEROS,ANCO HUALLO
030601,Apurímac,CHINCHEROS,CHINCHEROS
030603,Apurímac,CHINCHEROS,COCHARCAS
030610,Apurímac,CHINCHEROS,EL PORVENIR
030604,Apurímac,CHINCHEROS,HUACCANA
030611,Apurímac,CHINCHEROS,LOS CHANKAS
030605,Apurímac,CHINCHEROS,OCOBAMBA
030606,Apurímac,CHINCHEROS,ONGOY
030608,Apurímac,CHINCHEROS,RANRACANCHA
030609,Apurímac,CHINCHEROS,ROCCHACC
030607,Apurímac,CHINCHEROS,URANMARCA
030506,Apurímac,COTABAMBAS,CHALLHUAHUACHO
030502,Apurímac,COTABAMBAS,COTABAMBAS
030503,Apurímac,COTABAMBAS,COYLLURQUI
030504,Apurímac,COTABAMBAS,HAQUIRA
030505,Apurímac,COTABAMBAS,MARA
030501,Apurímac,COTABAMBAS,TAMBOBAMBA
030701,Apurímac,GRAU,CHUQUIBAMBILLA
030714,Apurímac,GRAU,CURASCO
030702,Apurímac,GRAU,CURPAHUASI
030703,Apurímac,GRAU,GAMARRA
030704,Apurímac,GRAU,HUAYLLATI
030705,Apurímac,GRAU,MAMARA
030706,Apurímac,GRAU,MICAELA BASTIDAS
030707,Apurímac,GRAU,PATAYPAMPA
030708,Apurímac,GRAU,PROGRESO
030709,Apurímac,GRAU,SAN ANTONIO
030710,Apurímac,GRAU,SANTA ROSA
030711,Apurímac,GRAU,TURPAY
030712,Apurímac,GRAU,VILCABAMBA
030713,Apurímac,GRAU,VIRUNDO
040102,Arequipa,AREQUIPA,ALTO SELVA ALEGRE
040101,Arequipa,AREQUIPA,AREQUIPA
040103,Arequipa,AREQUIPA,CAYMA
040104,Arequipa,AREQUIPA,CERRO COLORADO
040105,Arequipa,AREQUIPA,CHARACATO
040106,Arequipa,AREQUIPA,CHIGUATA
040107,Arequipa,AREQUIPA,JACOBO HUNTER
040129,Arequipa,AREQUIPA,JOSE LUIS BUSTAMANTE Y RIVERO
040108,Arequipa,AREQUIPA,LA JOYA
040109,Arequipa,AREQUIPA,MARIANO MELGAR
040110,Arequipa,AREQUIPA,MIRAFLORES
040111,Arequipa,AREQUIPA,MOLLEBAYA
040112,Arequipa,AREQUIPA,PAUCARPATA
040113,Arequipa,AREQUIPA,POCSI
040114,Arequipa,AREQUIPA,POLOBAYA
040115,Arequipa,AREQUIPA,QUEQUEÑA
040116,Arequipa,AREQUIPA,SABANDIA
040117,Arequipa,AREQUIPA,SACHACA
040118,Arequipa,AREQUIPA,SAN JUAN DE SIGUAS
040119,Arequipa,AREQUIPA,SAN JUAN DE TARUCANI
040120,Arequipa,AREQUIPA,SANTA ISABEL DE SIGUAS
040121,Arequipa,AREQUIPA,SANTA RITA DE SIGUAS
040122,Arequipa,AREQUIPA,SOCABAYA
040123,Arequipa,AREQUIPA,TIABAYA
040124,Arequipa,AREQUIPA,UCHUMAYO
040125,Arequipa,AREQUIPA,VITOR
040126,Arequipa,AREQUIPA,YANAHUARA
040127,Arequipa,AREQUIPA,YARABAMBA
040128,Arequipa,AREQUIPA,YURA
040201,Arequipa,CAMANA,CAMANA
040202,Arequipa,CAMANA,JOSE MARIA QUIMPER
040203,Arequipa,CAMANA,MARIANO NICOLAS VALCARCEL
040204,Arequipa,CAMANA,MARISCAL CACERES
040205,Arequipa,CAMANA,NICOLAS DE PIEROLA
040206,Arequipa,CAMANA,OCOÑA
040207,Arequipa,CAMANA,QUILCA
040208,Arequipa,CAMANA,SAMUEL PASTOR
040302,Arequipa,CARAVELI,ACARI
040303,Arequipa,CARAVELI,ATICO
040304,Arequipa,CARAVELI,ATIQUIPA
040305,Arequipa,CARAVELI,BELLA UNION
040306,Arequipa,CARAVELI,CAHUACHO
040301,Arequipa,CARAVELI,CARAVELI
040307,Arequipa,CARAVELI,CHALA
040308,Arequipa,CARAVELI,CHAPARRA
040309,Arequipa,CARAVELI,HUANUHUANU
040310,Arequipa,CARAVELI,JAQUI
040311,Arequipa,CARAVELI,LOMAS
040312,Arequipa,CARAVELI,QUICACHA
040313,Arequipa,CARAVELI,YAUCA
040402,Arequipa,CASTILLA,ANDAGUA
040401,Arequipa,CASTILLA,APLAO
040403,Arequipa,CASTILLA,AYO
040404,Arequipa,CASTILLA,CHACHAS
040405,Arequipa,CASTILLA,CHILCAYMARCA
040406,Arequipa,CASTILLA,CHOCO
040407,Arequipa,CASTILLA,HUANCARQUI
040408,Arequipa,CASTILLA,MACHAGUAY
040409,Arequipa,CASTILLA,ORCOPAMPA
040410,Arequipa,CASTILLA,PAMPACOLCA
040411,Arequipa,CASTILLA,TIPAN
040413,Arequipa,CASTILLA,URACA
040412,Arequipa,CASTILLA,UÑON
040414,Arequipa,CASTILLA,VIRACO
040502,Arequipa,CAYLLOMA,ACHOMA
040503,Arequipa,CAYLLOMA,CABANACONDE
040504,Arequipa,CAYLLOMA,CALLALLI
040505,Arequipa,CAYLLOMA,CAYLLOMA
040501,Arequipa,CAYLLOMA,CHIVAY
040506,Arequipa,CAYLLOMA,COPORAQUE
040507,Arequipa,CAYLLOMA,HUAMBO
040508,Arequipa,CAYLLOMA,HUANCA
040509,Arequipa,CAYLLOMA,ICHUPAMPA
040510,Arequipa,CAYLLOMA,LARI
040511,Arequipa,CAYLLOMA,LLUTA
040512,Arequipa,CAYLLOMA,MACA
040513,Arequipa,CAYLLOMA,MADRIGAL
040520,Arequipa,CAYLLOMA,MAJES
040514,Arequipa,CAYLLOMA,SAN ANTONIO DE CHUCA
040515,Arequipa,CAYLLOMA,SIBAYO
040516,Arequipa,CAYLLOMA,TAPAY
040517,Arequipa,CAYLLOMA,TISCO
040518,Arequipa,CAYLLOMA,TUTI
040519,Arequipa,CAYLLOMA,YANQUE
040602,Arequipa,CONDESUYOS,ANDARAY
040603,Arequipa,CONDESUYOS,CAYARANI
040604,Arequipa,CONDESUYOS,CHICHAS
040601,Arequipa,CONDESUYOS,CHUQUIBAMBA
040605,Arequipa,CONDESUYOS,IRAY
040606,Arequipa,CONDESUYOS,RIO GRANDE
040607,Arequipa,CONDESUYOS,SALAMANCA
040608,Arequipa,CONDESUYOS,YANAQUIHUA
040702,Arequipa,ISLAY,COCACHACRA
040703,Arequipa,ISLAY,DEAN VALDIVIA
040704,Arequipa,ISLAY,ISLAY
040705,Arequipa,ISLAY,MEJIA
040701,Arequipa,ISLAY,MOLLENDO
040706,Arequipa,ISLAY,PUNTA DE BOMBON
040802,Arequipa,LA UNION,ALCA
040803,Arequipa,LA UNION,CHARCANA
040801,Arequipa,LA UNION,COTAHUASI
040804,Arequipa,LA UNION,HUAYNACOTAS
040805,Arequipa,LA UNION,PAMPAMARCA
040806,Arequipa,LA UNION,PUYCA
040807,Arequipa,LA UNION,QUECHUALLA
040808,Arequipa,LA UNION,SAYLA
040809,Arequipa,LA UNION,TAURIA
040810,Arequipa,LA UNION,TOMEPAMPA
040811,Arequipa,LA UNION,TORO
050201,Ayacucho,CANGALLO,CANGALLO
050202,Ayacucho,CANGALLO,CHUSCHI
050203,Ayacucho,CANGALLO,LOS MOROCHUCOS
050204,Ayacucho,CANGALLO,MARIA PARADO DE BELLIDO
050205,Ayacucho,CANGALLO,PARAS
050206,Ayacucho,CANGALLO,TOTOS
050102,Ayacucho,HUAMANGA,ACOCRO
050103,Ayacucho,HUAMANGA,ACOS VINCHOS
050116,Ayacucho,HUAMANGA,ANDRES AVELINO CACERES DORREGARAY
050101,Ayacucho,HUAMANGA,AYACUCHO
050104,Ayacucho,HUAMANGA,CARMEN ALTO
050105,Ayacucho,HUAMANGA,CHIARA
050115,Ayacucho,HUAMANGA,JESUS NAZARENO
050106,Ayacucho,HUAMANGA,OCROS
050107,Ayacucho,HUAMANGA,PACAYCASA
050108,Ayacucho,HUAMANGA,QUINUA
050109,Ayacucho,HUAMANGA,SAN JOSE DE TICLLAS
050110,Ayacucho,HUAMANGA,SAN JUAN BAUTISTA
050111,Ayacucho,HUAMANGA,SANTIAGO DE PISCHA
050112,Ayacucho,HUAMANGA,SOCOS
050113,Ayacucho,HUAMANGA,TAMBILLO
050114,Ayacucho,HUAMANGA,VINCHOS
050302,Ayacucho,HUANCA SANCOS,CARAPO
050303,Ayacucho,HUANCA SANCOS,SACSAMARCA
050301,Ayacucho,HUANCA SANCOS,SANCOS
050304,Ayacucho,HUANCA SANCOS,SANTIAGO DE LUCANAMARCA
050402,Ayacucho,HUANTA,AYAHUANCO
050409,Ayacucho,HUANTA,CANAYRE
050412,Ayacucho,HUANTA,CHACA
050403,Ayacucho,HUANTA,HUAMANGUILLA
050401,Ayacucho,HUANTA,HUANTA
050404,Ayacucho,HUANTA,IGUAIN
050408,Ayacucho,HUANTA,LLOCHEGUA
050405,Ayacucho,HUANTA,LURICOCHA
050411,Ayacucho,HUANTA,PUCACOLPA
050413,Ayacucho,HUANTA,PUTIS
050406,Ayacucho,HUANTA,SANTILLANA
050407,Ayacucho,HUANTA,SIVIA
050410,Ayacucho,HUANTA,UCHURACCAY
050510,Ayacucho,LA MAR,ANCHIHUAY
050502,Ayacucho,LA MAR,ANCO
050503,Ayacucho,LA MAR,AYNA
050504,Ayacucho,LA MAR,CHILCAS
050505,Ayacucho,LA MAR,CHUNGUI
050506,Ayacucho,LA MAR,LUIS CARRANZA
050514,Ayacucho,LA MAR,NINABAMBA
050511,Ayacucho,LA MAR,ORONCCOY
050515,Ayacucho,LA MAR,PATIBAMBA
050513,Ayacucho,LA MAR,RIO MAGDALENA
050509,Ayacucho,LA MAR,SAMUGARI
050501,Ayacucho,LA MAR,SAN MIGUEL
050507,Ayacucho,LA MAR,SANTA ROSA
050508,Ayacucho,LA MAR,TAMBO
050512,Ayacucho,LA MAR,UNION PROGRESO
050602,Ayacucho,LUCANAS,AUCARA
050603,Ayacucho,LUCANAS,CABANA
050604,Ayacucho,LUCANAS,CARMEN SALCEDO
050605,Ayacucho,LUCANAS,CHAVIÑA
050606,Ayacucho,LUCANAS,CHIPAO
050607,Ayacucho,LUCANAS,HUAC-HUAS
050608,Ayacucho,LUCANAS,LARAMATE
050609,Ayacucho,LUCANAS,LEONCIO PRADO
050610,Ayacucho,LUCANAS,LLAUTA
050611,Ayacucho,LUCANAS,LUCANAS
050612,Ayacucho,LUCANAS,OCAÑA
050613,Ayacucho,LUCANAS,OTOCA
050601,Ayacucho,LUCANAS,PUQUIO
050614,Ayacucho,LUCANAS,SAISA
050615,Ayacucho,LUCANAS,SAN CRISTOBAL
050616,Ayacucho,LUCANAS,SAN JUAN
050617,Ayacucho,LUCANAS,SAN PEDRO
050618,Ayacucho,LUCANAS,SAN PEDRO DE PALCO
050619,Ayacucho,LUCANAS,SANCOS
050620,Ayacucho,LUCANAS,SANTA ANA DE HUAYCAHUACHO
050621,Ayacucho,LUCANAS,SANTA LUCIA
050702,Ayacucho,PARINACOCHAS,CHUMPI
050701,Ayacucho,PARINACOCHAS,CORACORA
050703,Ayacucho,PARINACOCHAS,CORONEL CASTAÑEDA
050704,Ayacucho,PARINACOCHAS,PACAPAUSA
050705,Ayacucho,PARINACOCHAS,PULLO
050706,Ayacucho,PARINACOCHAS,PUYUSCA
050707,Ayacucho,PARINACOCHAS,SAN FRANCISCO DE RIVACAYCO
050708,Ayacucho,PARINACOCHAS,UPAHUACHO
050802,Ayacucho,PAUCAR DEL SARA SARA,COLTA
050803,Ayacucho,PAUCAR DEL SARA SARA,CORCULLA
050804,Ayacucho,PAUCAR DEL SARA SARA,LAMPA
050805,Ayacucho,PAUCAR DEL SARA SARA,MARCABAMBA
050806,Ayacucho,PAUCAR DEL SARA SARA,OYOLO
050807,Ayacucho,PAUCAR DEL SARA SARA,PARARCA
050801,Ayacucho,PAUCAR DEL SARA SARA,PAUSA
050808,Ayacucho,PAUCAR DEL SARA SARA,SAN JAVIER DE ALPABAMBA
050809,Ayacucho,PAUCAR DEL SARA SARA,SAN JOSE DE USHUA
050810,Ayacucho,PAUCAR DEL SARA SARA,SARA SARA
050902,Ayacucho,SUCRE,BELEN
050903,Ayacucho,SUCRE,CHALCOS
050904,Ayacucho,SUCRE,CHILCAYOC
050905,Ayacucho,SUCRE,HUACAÑA
050906,Ayacucho,SUCRE,MORCOLLA
050907,Ayacucho,SUCRE,PAICO
050901,Ayacucho,SUCRE,QUEROBAMBA
050908,Ayacucho,SUCRE,SAN PEDRO DE LARCAY
050909,Ayacucho,SUCRE,SAN SALVADOR DE QUIJE
050910,Ayacucho,SUCRE,SANTIAGO DE PAUCARAY
050911,Ayacucho,SUCRE,SORAS
051002,Ayacucho,VICTOR FAJARDO,ALCAMENCA
051003,Ayacucho,VICTOR FAJARDO,APONGO
051004,Ayacucho,VICTOR FAJARDO,ASQUIPATA
051005,Ayacucho,VICTOR FAJARDO,CANARIA
051006,Ayacucho,VICTOR FAJARDO,CAYARA
051007,Ayacucho,VICTOR FAJARDO,COLCA
051010,Ayacucho,VICTOR FAJARDO,HUALLA
051008,Ayacucho,VICTOR FAJARDO,HUAMANQUIQUIA
051001,Ayacucho,VICTOR FAJARDO,HUANCAPI
051009,Ayacucho,VICTOR FAJARDO,HUANCARAYLLA
051011,Ayacucho,VICTOR FAJARDO,SARHUA
051012,Ayacucho,VICTOR FAJARDO,VILCANCHOS
051102,Ayacucho,VILCAS HUAMAN,ACCOMARCA
051103,Ayacucho,VILCAS HUAMAN,CARHUANCA
051104,Ayacucho,VILCAS HUAMAN,CONCEPCION
051105,Ayacucho,VILCAS HUAMAN,HUAMBALPA
051106,Ayacucho,VILCAS HUAMAN,INDEPENDENCIA
051107,Ayacucho,VILCAS HUAMAN,SAURAMA
051101,Ayacucho,VILCAS HUAMAN,VILCAS HUAMAN
051108,Ayacucho,VILCAS HUAMAN,VISCHONGO
060202,Cajamarca,CAJABAMBA,CACHACHI
060201,Cajamarca,CAJABAMBA,CAJABAMBA
060203,Cajamarca,CAJABAMBA,CONDEBAMBA
060204,Cajamarca,CAJABAMBA,SITACOCHA
060102,Cajamarca,CAJAMARCA,ASUNCION
060101,Cajamarca,CAJAMARCA,CAJAMARCA
060103,Cajamarca,CAJAMARCA,CHETILLA
060104,Cajamarca,CAJAMARCA,COSPAN
060105,Cajamarca,CAJAMARCA,ENCAÑADA
060106,Cajamarca,CAJAMARCA,JESUS
060107,Cajamarca,CAJAMARCA,LLACANORA
060108,Cajamarca,CAJAMARCA,LOS BAÑOS DEL INCA
060109,Cajamarca,CAJAMARCA,MAGDALENA
060110,Cajamarca,CAJAMARCA,MATARA
060111,Cajamarca,CAJAMARCA,NAMORA
060112,Cajamarca,CAJAMARCA,SAN JUAN
060301,Cajamarca,CELENDIN,CELENDIN
060302,Cajamarca,CELENDIN,CHUMUCH
060303,Cajamarca,CELENDIN,CORTEGANA
060304,Cajamarca,CELENDIN,HUASMIN
060305,Cajamarca,CELENDIN,JORGE CHAVEZ
060306,Cajamarca,CELENDIN,JOSE GALVEZ
060312,Cajamarca,CELENDIN,LA LIBERTAD DE PALLAN
060307,Cajamarca,CELENDIN,MIGUEL IGLESIAS
060308,Cajamarca,CELENDIN,OXAMARCA
060309,Cajamarca,CELENDIN,SOROCHUCO
060310,Cajamarca,CELENDIN,SUCRE
060311,Cajamarca,CELENDIN,UTCO
060402,Cajamarca,CHOTA,ANGUIA
060403,Cajamarca,CHOTA,CHADIN
060419,Cajamarca,CHOTA,CHALAMARCA
060404,Cajamarca,CHOTA,CHIGUIRIP
060405,Cajamarca,CHOTA,CHIMBAN
060406,Cajamarca,CHOTA,CHOROPAMPA
060401,Cajamarca,CHOTA,CHOTA
060407,Cajamarca,CHOTA,COCHABAMBA
060408,Cajamarca,CHOTA,CONCHAN
060409,Cajamarca,CHOTA,HUAMBOS
060410,Cajamarca,CHOTA,LAJAS
060411,Cajamarca,CHOTA,LLAMA
060412,Cajamarca,CHOTA,MIRACOSTA
060413,Cajamarca,CHOTA,PACCHA
060414,Cajamarca,CHOTA,PION
060415,Cajamarca,CHOTA,QUEROCOTO
060416,Cajamarca,CHOTA,SAN JUAN DE LICUPIS
060417,Cajamarca,CHOTA,TACABAMBA
060418,Cajamarca,CHOTA,TOCMOCHE
060502,Cajamarca,CONTUMAZA,CHILETE
060501,Cajamarca,CONTUMAZA,CONTUMAZA
060503,Cajamarca,CONTUMAZA,CUPISNIQUE
060504,Cajamarca,CONTUMAZA,GUZMANGO
060505,Cajamarca,CONTUMAZA,SAN BENITO
060506,Cajamarca,CONTUMAZA,SANTA CRUZ DE TOLED
060507,Cajamarca,CONTUMAZA,TANTARICA
060508,Cajamarca,CONTUMAZA,YONAN
060602,Cajamarca,CUTERVO,CALLAYUC
060603,Cajamarca,CUTERVO,CHOROS
060604,Cajamarca,CUTERVO,CUJILLO
060601,Cajamarca,CUTERVO,CUTERVO
060605,Cajamarca,CUTERVO,LA RAMADA
060606,Cajamarca,CUTERVO,PIMPINGOS
060607,Cajamarca,CUTERVO,QUEROCOTILLO
060608,Cajamarca,CUTERVO,SAN ANDRES DE CUTERVO
060609,Cajamarca,CUTERVO,SAN JUAN DE CUTERVO
060610,Cajamarca,CUTERVO,SAN LUIS DE LUCMA
060611,Cajamarca,CUTERVO,SANTA CRUZ
060612,Cajamarca,CUTERVO,SANTO DOMINGO DE LA CAPILLA
060613,Cajamarca,CUTERVO,SANTO TOMAS
060614,Cajamarca,CUTERVO,SOCOTA
060615,Cajamarca,CUTERVO,TORIBIO CASANOVA
060701,Cajamarca,HUALGAYOC,BAMBAMARCA
060702,Cajamarca,HUALGAYOC,CHUGUR
060703,Cajamarca,HUALGAYOC,HUALGAYOC
060802,Cajamarca,JAEN,BELLAVISTA
060803,Cajamarca,JAEN,CHONTALI
060804,Cajamarca,JAEN,COLASAY
060805,Cajamarca,JAEN,HUABAL
060801,Cajamarca,JAEN,JAEN
060806,Cajamarca,JAEN,LAS PIRIAS
060807,Cajamarca,JAEN,POMAHUACA
060808,Cajamarca,JAEN,PUCARA
060809,Cajamarca,JAEN,SALLIQUE
060810,Cajamarca,JAEN,SAN FELIPE
060811,Cajamarca,JAEN,SAN JOSE DEL ALTO
060812,Cajamarca,JAEN,SANTA ROSA
060902,Cajamarca,SAN IGNACIO,CHIRINOS
060903,Cajamarca,SAN IGNACIO,HUARANGO
060904,Cajamarca,SAN IGNACIO,LA COIPA
060905,Cajamarca,SAN IGNACIO,NAMBALLE
060901,Cajamarca,SAN IGNACIO,SAN IGNACIO
060906,Cajamarca,SAN IGNACIO,SAN JOSE DE LOURDES
060907,Cajamarca,SAN IGNACIO,TABACONAS
061002,Cajamarca,SAN MARCOS,CHANCAY
061003,Cajamarca,SAN MARCOS,EDUARDO VILLANUEVA
061004,Cajamarca,SAN MARCOS,GREGORIO PITA
061005,Cajamarca,SAN MARCOS,ICHOCAN
061006,Cajamarca,SAN MARCOS,JOSE MANUEL QUIROZ
061007,Cajamarca,SAN MARCOS,JOSE SABOGAL
061001,Cajamarca,SAN MARCOS,PEDRO GALVEZ
061102,Cajamarca,SAN MIGUEL,BOLIVAR
061103,Cajamarca,SAN MIGUEL,CALQUIS
061104,Cajamarca,SAN MIGUEL,CATILLUC
061105,Cajamarca,SAN MIGUEL,EL PRADO
061106,Cajamarca,SAN MIGUEL,LA FLORIDA
061107,Cajamarca,SAN MIGUEL,LLAPA
061108,Cajamarca,SAN MIGUEL,NANCHOC
061109,Cajamarca,SAN MIGUEL,NIEPOS
061110,Cajamarca,SAN MIGUEL,SAN GREGORIO
061101,Cajamarca,SAN MIGUEL,SAN MIGUEL
061111,Cajamarca,SAN MIGUEL,SAN SILVESTRE DE COCHAN
061112,Cajamarca,SAN MIGUEL,TONGOD
061113,Cajamarca,SAN MIGUEL,UNION AGUA BLANCA
061202,Cajamarca,SAN PABLO,SAN BERNARDINO
061203,Cajamarca,SAN PABLO,SAN LUIS
061201,Cajamarca,SAN PABLO,SAN PABLO
061204,Cajamarca,SAN PABLO,TUMBADEN
061302,Cajamarca,SANTA CRUZ,ANDABAMBA
061303,Cajamarca,SANTA CRUZ,CATACHE
061304,Cajamarca,SANTA CRUZ,CHANCAYBAÑOS
061305,Cajamarca,SANTA CRUZ,LA ESPERANZA
061306,Cajamarca,SANTA CRUZ,NINABAMBA
061307,Cajamarca,SANTA CRUZ,PULAN
061301,Cajamarca,SANTA CRUZ,SANTA CRUZ
061308,Cajamarca,SANTA CRUZ,SAUCEPAMPA
061309,Cajamarca,SANTA CRUZ,SEXI
061310,Cajamarca,SANTA CRUZ,UTICYACU
061311,Cajamarca,SANTA CRUZ,YAUYUCAN
080201,Cusco,ACOMAYO,ACOMAYO
080202,Cusco,ACOMAYO,ACOPIA
080203,Cusco,ACOMAYO,ACOS
080204,Cusco,ACOMAYO,MOSOC LLACTA
080205,Cusco,ACOMAYO,POMACANCHI
080206,Cusco,ACOMAYO,RONDOCAN
080207,Cusco,ACOMAYO,SANGARARA
080302,Cusco,ANTA,ANCAHUASI
080301,Cusco,ANTA,ANTA
080303,Cusco,ANTA,CACHIMAYO
080304,Cusco,ANTA,CHINCHAYPUJIO
080305,Cusco,ANTA,HUAROCONDO
080306,Cusco,ANTA,LIMATAMBO
080307,Cusco,ANTA,MOLLEPATA
080308,Cusco,ANTA,PUCYURA
080309,Cusco,ANTA,ZURITE
080401,Cusco,CALCA,CALCA
080402,Cusco,CALCA,COYA
080403,Cusco,CALCA,LAMAY
080404,Cusco,CALCA,LARES
080405,Cusco,CALCA,PISAC
080406,Cusco,CALCA,SAN SALVADOR
080407,Cusco,CALCA,TARAY
080408,Cusco,CALCA,YANATILE
080502,Cusco,CANAS,CHECCA
080503,Cusco,CANAS,KUNTURKANKI
080504,Cusco,CANAS,LANGUI
080505,Cusco,CANAS,LAYO
080506,Cusco,CANAS,PAMPAMARCA
080507,Cusco,CANAS,QUEHUE
080508,Cusco,CANAS,TUPAC AMARU
080501,Cusco,CANAS,YANAOCA
080602,Cusco,CANCHIS,CHECACUPE
080603,Cusco,CANCHIS,COMBAPATA
080604,Cusco,CANCHIS,MARANGANI
080605,Cusco,CANCHIS,PITUMARCA
080606,Cusco,CANCHIS,SAN PABLO
080607,Cusco,CANCHIS,SAN PEDRO
080601,Cusco,CANCHIS,SICUANI
080608,Cusco,CANCHIS,TINTA
080702,Cusco,CHUMBIVILCAS,CAPACMARCA
080703,Cusco,CHUMBIVILCAS,CHAMACA
080704,Cusco,CHUMBIVILCAS,COLQUEMARCA
080705,Cusco,CHUMBIVILCAS,LIVITACA
080706,Cusco,CHUMBIVILCAS,LLUSCO
080707,Cusco,CHUMBIVILCAS,QUIÑOTA
080701,Cusco,CHUMBIVILCAS,SANTO TOMAS
080708,Cusco,CHUMBIVILCAS,VELILLE
080102,Cusco,CUSCO,CCORCA
080101,Cusco,CUSCO,CUSCO
080103,Cusco,CUSCO,POROY
080104,Cusco,CUSCO,SAN JERONIMO
080105,Cusco,CUSCO,SAN SEBASTIAN
080106,Cusco,CUSCO,SANTIAGO
080107,Cusco,CUSCO,SAYLLA
080108,Cusco,CUSCO,WANCHAQ
080808,Cusco,ESPINAR,ALTO PICHIGUA
080802,Cusco,ESPINAR,CONDOROMA
080803,Cusco,ESPINAR,COPORAQUE
080801,Cusco,ESPINAR,ESPINAR
080804,Cusco,ESPINAR,OCORURO
080805,Cusco,ESPINAR,PALLPATA
080806,Cusco,ESPINAR,PICHIGUA
080807,Cusco,ESPINAR,SUYCKUTAMBO
080916,Cusco,LA CONVENCION,CIELO PUNCO
080902,Cusco,LA CONVENCION,ECHARATE
080903,Cusco,LA CONVENCION,HUAYOPATA
080911,Cusco,LA CONVENCION,INKAWASI
080907,Cusco,LA CONVENCION,KIMBIRI
080915,Cusco,LA CONVENCION,KUMPIRUSHIATO
080917,Cusco,LA CONVENCION,MANITEA
080904,Cusco,LA CONVENCION,MARANURA
080914,Cusco,LA CONVENCION,MEGANTONI
080905,Cusco,LA CONVENCION,OCOBAMBA
080910,Cusco,LA CONVENCION,PICHARI
080906,Cusco,LA CONVENCION,QUELLOUNO
080901,Cusco,LA CONVENCION,SANTA ANA
080908,Cusco,LA CONVENCION,SANTA TERESA
080918,Cusco,LA CONVENCION,UNION ASHANINKA
080909,Cusco,LA CONVENCION,VILCABAMBA
080913,Cusco,LA CONVENCION,VILLA KINTIARINA
080912,Cusco,LA CONVENCION,VILLA VIRGEN
081002,Cusco,PARURO,ACCHA
081003,Cusco,PARURO,CCAPI
081004,Cusco,PARURO,COLCHA
081005,Cusco,PARURO,HUANOQUITE
081006,Cusco,PARURO,OMACHA
081007,Cusco,PARURO,PACCARITAMBO
081001,Cusco,PARURO,PARURO
081008,Cusco,PARURO,PILLPINTO
081009,Cusco,PARURO,YAURISQUE
081102,Cusco,PAUCARTAMBO,CAICAY
081103,Cusco,PAUCARTAMBO,CHALLABAMBA
081104,Cusco,PAUCARTAMBO,COLQUEPATA
081105,Cusco,PAUCARTAMBO,HUANCARANI
081106,Cusco,PAUCARTAMBO,KOSÑIPATA
081101,Cusco,PAUCARTAMBO,PAUCARTAMBO
081202,Cusco,QUISPICANCHI,ANDAHUAYLILLAS
081203,Cusco,QUISPICANCHI,CAMANTI
081204,Cusco,QUISPICANCHI,CCARHUAYO
081205,Cusco,QUISPICANCHI,CCATCA
081206,Cusco,QUISPICANCHI,CUSIPATA
081207,Cusco,QUISPICANCHI,HUARO
081208,Cusco,QUISPICANCHI,LUCRE
081209,Cusco,QUISPICANCHI,MARCAPATA
081210,Cusco,QUISPICANCHI,OCONGATE
081211,Cusco,QUISPICANCHI,OROPESA
081212,Cusco,QUISPICANCHI,QUIQUIJANA
081201,Cusco,QUISPICANCHI,URCOS
081302,Cusco,URUBAMBA,CHINCHERO
081303,Cusco,URUBAMBA,HUAYLLABAMBA
081304,Cusco,URUBAMBA,MACHUPICCHU
081305,Cusco,URUBAMBA,MARAS
081306,Cusco,URUBAMBA,OLLANTAYTAMBO
081301,Cusco,URUBAMBA,URUBAMBA
081307,Cusco,URUBAMBA,YUCAY
070102,El Callao,CALLAO,BELLAVISTA
070101,El Callao,CALLAO,CALLAO
070103,El Callao,CALLAO,CARMEN DE LA LEGUA REYNOSO
070104,El Callao,CALLAO,LA PERLA
070105,El Callao,CALLAO,LA PUNTA
070107,El Callao,CALLAO,MI PERU
070106,El Callao,CALLAO,VENTANILLA
090201,Huancavelica,ACOBAMBA,ACOBAMBA
090202,Huancavelica,ACOBAMBA,ANDABAMBA
090203,Huancavelica,ACOBAMBA,ANTA
090204,Huancavelica,ACOBAMBA,CAJA
090205,Huancavelica,ACOBAMBA,MARCAS
090206,Huancavelica,ACOBAMBA,PAUCARA
090207,Huancavelica,ACOBAMBA,POMACOCHA
090208,Huancavelica,ACOBAMBA,ROSARIO
090302,Huancavelica,ANGARAES,ANCHONGA
090303,Huancavelica,ANGARAES,CALLANMARCA
090304,Huancavelica,ANGARAES,CCOCHACCASA
090305,Huancavelica,ANGARAES,CHINCHO
090306,Huancavelica,ANGARAES,CONGALLA
090307,Huancavelica,ANGARAES,HUANCA-HUANCA
090308,Huancavelica,ANGARAES,HUAYLLAY GRANDE
090309,Huancavelica,ANGARAES,JULCAMARCA
090301,Huancavelica,ANGARAES,LIRCAY
090310,Huancavelica,ANGARAES,SAN ANTONIO DE ANTAPARCO
090311,Huancavelica,ANGARAES,SANTO TOMAS DE PATA
090312,Huancavelica,ANGARAES,SECCLLA
090402,Huancavelica,CASTROVIRREYNA,ARMA
090403,Huancavelica,CASTROVIRREYNA,AURAHUA
090404,Huancavelica,CASTROVIRREYNA,CAPILLAS
090401,Huancavelica,CASTROVIRREYNA,CASTROVIRREYNA
090405,Huancavelica,CASTROVIRREYNA,CHUPAMARCA
090406,Huancavelica,CASTROVIRREYNA,COCAS
090407,Huancavelica,CASTROVIRREYNA,HUACHOS
090408,Huancavelica,CASTROVIRREYNA,HUAMATAMBO
090409,Huancavelica,CASTROVIRREYNA,MOLLEPAMPA
090410,Huancavelica,CASTROVIRREYNA,SAN JUAN
090411,Huancavelica,CASTROVIRREYNA,SANTA ANA
090412,Huancavelica,CASTROVIRREYNA,TANTARA
090413,Huancavelica,CASTROVIRREYNA,TICRAPO
090502,Huancavelica,CHURCAMPA,ANCO
090503,Huancavelica,CHURCAMPA,CHINCHIHUASI
090501,Huancavelica,CHURCAMPA,CHURCAMPA
090511,Huancavelica,CHURCAMPA,COSME
090504,Huancavelica,CHURCAMPA,EL CARMEN
090505,Huancavelica,CHURCAMPA,LA MERCED
090506,Huancavelica,CHURCAMPA,LOCROJA
090510,Huancavelica,CHURCAMPA,PACHAMARCA
090507,Huancavelica,CHURCAMPA,PAUCARBAMBA
090508,Huancavelica,CHURCAMPA,SAN MIGUEL DE MAYOCC
090509,Huancavelica,CHURCAMPA,SAN PEDRO DE CORIS
090102,Huancavelica,HUANCAVELICA,ACOBAMBILLA
090103,Huancavelica,HUANCAVELICA,ACORIA
090118,Huancavelica,HUANCAVELICA,ASCENSION
090104,Huancavelica,HUANCAVELICA,CONAYCA
090105,Huancavelica,HUANCAVELICA,CUENCA
090106,Huancavelica,HUANCAVELICA,HUACHOCOLPA
090101,Huancavelica,HUANCAVELICA,HUANCAVELICA
090119,Huancavelica,HUANCAVELICA,HUANDO
090107,Huancavelica,HUANCAVELICA,HUAYLLAHUARA
090108,Huancavelica,HUANCAVELICA,IZCUCHACA
090109,Huancavelica,HUANCAVELICA,LARIA
090110,Huancavelica,HUANCAVELICA,MANTA
090111,Huancavelica,HUANCAVELICA,MARISCAL CACERES
090112,Huancavelica,HUANCAVELICA,MOYA
090113,Huancavelica,HUANCAVELICA,NUEVO OCCORO
090114,Huancavelica,HUANCAVELICA,PALCA
090115,Huancavelica,HUANCAVELICA,PILCHACA
090116,Huancavelica,HUANCAVELICA,VILCA
090117,Huancavelica,HUANCAVELICA,YAULI
090602,Huancavelica,HUAYTARA,AYAVI
090603,Huancavelica,HUAYTARA,CORDOVA
090604,Huancavelica,HUAYTARA,HUAYACUNDO ARMA
090601,Huancavelica,HUAYTARA,HUAYTARA
090605,Huancavelica,HUAYTARA,LARAMARCA
090606,Huancavelica,HUAYTARA,OCOYO
090607,Huancavelica,HUAYTARA,PILPICHACA
090608,Huancavelica,HUAYTARA,QUERCO
090609,Huancavelica,HUAYTARA,QUITO ARMA
090610,Huancavelica,HUAYTARA,SAN ANTONIO DE CUSICANCHA
090611,Huancavelica,HUAYTARA,SAN FRANCISCO DE SANGAYAICO
090612,Huancavelica,HUAYTARA,SAN ISIDRO
090613,Huancavelica,HUAYTARA,SANTIAGO DE CHOCORVOS
090614,Huancavelica,HUAYTARA,SANTIAGO DE QUIRAHUARA
090615,Huancavelica,HUAYTARA,SANTO DOMINGO DE CAPILLAS
090616,Huancavelica,HUAYTARA,TAMBO
090702,Huancavelica,TAYACAJA,ACOSTAMBO
090703,Huancavelica,TAYACAJA,ACRAQUIA
090704,Huancavelica,TAYACAJA,AHUAYCHA
090720,Huancavelica,TAYACAJA,ANDAYMARCA
090725,Huancavelica,TAYACAJA,COCHABAMBA
090705,Huancavelica,TAYACAJA,COLCABAMBA
090706,Huancavelica,TAYACAJA,DANIEL HERNANDEZ
090707,Huancavelica,TAYACAJA,HUACHOCOLPA
090709,Huancavelica,TAYACAJA,HUARIBAMBA
090724,Huancavelica,TAYACAJA,LAMBRAS
090701,Huancavelica,TAYACAJA,PAMPAS
090711,Huancavelica,TAYACAJA,PAZOS
090722,Huancavelica,TAYACAJA,PICHOS
090719,Huancavelica,TAYACAJA,QUICHUAS
090713,Huancavelica,TAYACAJA,QUISHUAR
090721,Huancavelica,TAYACAJA,ROBLE
090714,Huancavelica,TAYACAJA,SALCABAMBA
090715,Huancavelica,TAYACAJA,SALCAHUASI
090716,Huancavelica,TAYACAJA,SAN MARCOS DE ROCCHAC
090723,Huancavelica,TAYACAJA,SANTIAGO DE TUCUMA
090717,Huancavelica,TAYACAJA,SURCUBAMBA
090718,Huancavelica,TAYACAJA,TINTAY PUNCU
090710,Huancavelica,TAYACAJA,ÑAHUIMPUQUIO
100201,Huánuco,AMBO,AMBO
100202,Huánuco,AMBO,CAYNA
100203,Huánuco,AMBO,COLPAS
100204,Huánuco,AMBO,CONCHAMARCA
100205,Huánuco,AMBO,HUACAR
100206,Huánuco,AMBO,SAN FRANCISCO
100207,Huánuco,AMBO,SAN RAFAEL
100208,Huánuco,AMBO,TOMAY KICHWA
100307,Huánuco,DOS DE MAYO,CHUQUIS
100301,Huánuco,DOS DE MAYO,LA UNION
100311,Huánuco,DOS DE MAYO,MARIAS
100313,Huánuco,DOS DE MAYO,PACHAS
100316,Huánuco,DOS DE MAYO,QUIVILLA
100317,Huánuco,DOS DE MAYO,RIPAN
100321,Huánuco,DOS DE MAYO,SHUNQUI
100322,Huánuco,DOS DE MAYO,SILLAPATA
100323,Huánuco,DOS DE MAYO,YANAS
100402,Huánuco,HUACAYBAMBA,CANCHABAMBA
100403,Huánuco,HUACAYBAMBA,COCHABAMBA
100401,Huánuco,HUACAYBAMBA,HUACAYBAMBA
100404,Huánuco,HUACAYBAMBA,PINRA
100502,Huánuco,HUAMALIES,ARANCAY
100503,Huánuco,HUAMALIES,CHAVIN DE PARIARCA
100504,Huánuco,HUAMALIES,JACAS GRANDE
100505,Huánuco,HUAMALIES,JIRCAN
100501,Huánuco,HUAMALIES,LLATA
100506,Huánuco,HUAMALIES,MIRAFLORES
100507,Huánuco,HUAMALIES,MONZON
100508,Huánuco,HUAMALIES,PUNCHAO
100509,Huánuco,HUAMALIES,PUÑOS
100510,Huánuco,HUAMALIES,SINGA
100511,Huánuco,HUAMALIES,TANTAMAYO
100102,Huánuco,HUANUCO,AMARILIS
100103,Huánuco,HUANUCO,CHINCHAO
100104,Huánuco,HUANUCO,CHURUBAMBA
100101,Huánuco,HUANUCO,HUANUCO
100105,Huánuco,HUANUCO,MARGOS
100111,Huánuco,HUANUCO,PILLCO MARCA
100106,Huánuco,HUANUCO,QUISQUI (KICHKI)
100107,Huánuco,HUANUCO,SAN FRANCISCO DE CAYRAN
100113,Huánuco,HUANUCO,SAN PABLO DE PILLAO
100108,Huánuco,HUANUCO,SAN PEDRO DE CHAULAN
100109,Huánuco,HUANUCO,SANTA MARIA DEL VALLE
100112,Huánuco,HUANUCO,YACUS
100110,Huánuco,HUANUCO,YARUMAYO
101002,Huánuco,LAURICOCHA,BAÑOS
101001,Huánuco,LAURICOCHA,JESUS
101003,Huánuco,LAURICOCHA,JIVIA
101004,Huánuco,LAURICOCHA,QUEROPALCA
101005,Huánuco,LAURICOCHA,RONDOS
101006,Huánuco,LAURICOCHA,SAN FRANCISCO DE ASIS
101007,Huánuco,LAURICOCHA,SAN MIGUEL DE CAURI
100608,Huánuco,LEONCIO PRADO,CASTILLO GRANDE
100602,Huánuco,LEONCIO PRADO,DANIEL ALOMIA ROBLES
100603,Huánuco,LEONCIO PRADO,HERMILIO VALDIZAN
100604,Huánuco,LEONCIO PRADO,JOSE CRESPO Y CASTILLO
100605,Huánuco,LEONCIO PRADO,LUYANDO
100606,Huánuco,LEONCIO PRADO,MARIANO DAMASO BERAUN
100607,Huánuco,LEONCIO PRADO,PUCAYACU
100609,Huánuco,LEONCIO PRADO,PUEBLO NUEVO
100601,Huánuco,LEONCIO PRADO,RUPA-RUPA
100610,Huánuco,LEONCIO PRADO,SANTO DOMINGO DE ANDA
100702,Huánuco,MARAÑON,CHOLON
100701,Huánuco,MARAÑON,HUACRACHUCO
100704,Huánuco,MARAÑON,LA MORADA
100703,Huánuco,MARAÑON,SAN BUENAVENTURA
100705,Huánuco,MARAÑON,SANTA ROSA DE ALTO YANAJANCA
100802,Huánuco,PACHITEA,CHAGLLA
100803,Huánuco,PACHITEA,MOLINO
100801,Huánuco,PACHITEA,PANAO
100804,Huánuco,PACHITEA,UMARI
100902,Huánuco,PUERTO INCA,CODO DEL POZUZO
100903,Huánuco,PUERTO INCA,HONORIA
100901,Huánuco,PUERTO INCA,PUERTO INCA
100904,Huánuco,PUERTO INCA,TOURNAVISTA
100905,Huánuco,PUERTO INCA,YUYAPICHIS
101104,Huánuco,YAROWILCA,APARICIO POMARES
101102,Huánuco,YAROWILCA,CAHUAC
101103,Huánuco,YAROWILCA,CHACABAMBA
101101,Huánuco,YAROWILCA,CHAVINILLO
101108,Huánuco,YAROWILCA,CHORAS
101105,Huánuco,YAROWILCA,JACAS CHICO
101106,Huánuco,YAROWILCA,OBAS
101107,Huánuco,YAROWILCA,PAMPAMARCA
110202,Ica,CHINCHA,ALTO LARAN
110203,Ica,CHINCHA,CHAVIN
110201,Ica,CHINCHA,CHINCHA ALTA
110204,Ica,CHINCHA,CHINCHA BAJA
110205,Ica,CHINCHA,EL CARMEN
110206,Ica,CHINCHA,GROCIO PRADO
110207,Ica,CHINCHA,PUEBLO NUEVO
110208,Ica,CHINCHA,SAN JUAN DE YANAC
110209,Ica,CHINCHA,SAN PEDRO DE HUACARPANA
110210,Ica,CHINCHA,SUNAMPE
110211,Ica,CHINCHA,TAMBO DE MORA
110101,Ica,ICA,ICA
110102,Ica,ICA,LA TINGUIÑA
110103,Ica,ICA,LOS AQUIJES
110104,Ica,ICA,OCUCAJE
110105,Ica,ICA,PACHACUTEC
110106,Ica,ICA,PARCONA
110107,Ica,ICA,PUEBLO NUEVO
110108,Ica,ICA,SALAS
110109,Ica,ICA,SAN JOSE DE LOS MOLINOS
110110,Ica,ICA,SAN JUAN BAUTISTA
110111,Ica,ICA,SANTIAGO
110112,Ica,ICA,SUBTANJALLA
110113,Ica,ICA,TATE
110114,Ica,ICA,YAUCA DEL ROSARIO
110302,Ica,NAZCA,CHANGUILLO
110303,Ica,NAZCA,EL INGENIO
110304,Ica,NAZCA,MARCONA
110301,Ica,NAZCA,NAZCA
110305,Ica,NAZCA,VISTA ALEGRE
110402,Ica,PALPA,LLIPATA
110401,Ica,PALPA,PALPA
110403,Ica,PALPA,RIO GRANDE
110404,Ica,PALPA,SANTA CRUZ
110405,Ica,PALPA,TIBILLO
110502,Ica,PISCO,HUANCANO
110503,Ica,PISCO,HUMAY
110504,Ica,PISCO,INDEPENDENCIA
110505,Ica,PISCO,PARACAS
110501,Ica,PISCO,PISCO
110506,Ica,PISCO,SAN ANDRES
110507,Ica,PISCO,SAN CLEMENTE
110508,Ica,PISCO,TUPAC AMARU INCA
120301,Junín,CHANCHAMAYO,CHANCHAMAYO
120302,Junín,CHANCHAMAYO,PERENE
120303,Junín,CHANCHAMAYO,PICHANAQUI
120304,Junín,CHANCHAMAYO,SAN LUIS DE SHUARO
120305,Junín,CHANCHAMAYO,SAN RAMON
120306,Junín,CHANCHAMAYO,VITOC
120902,Junín,CHUPACA,AHUAC
120903,Junín,CHUPACA,CHONGOS BAJO
120901,Junín,CHUPACA,CHUPACA
120904,Junín,CHUPACA,HUACHAC
120905,Junín,CHUPACA,HUAMANCACA CHICO
120906,Junín,CHUPACA,SAN JUAN DE ISCOS
120907,Junín,CHUPACA,SAN JUAN DE JARPA
120908,Junín,CHUPACA,TRES DE DICIEMBRE
120909,Junín,CHUPACA,YANACANCHA
120202,Junín,CONCEPCION,ACO
120203,Junín,CONCEPCION,ANDAMARCA
120204,Junín,CONCEPCION,CHAMBARA
120205,Junín,CONCEPCION,COCHAS
120206,Junín,CONCEPCION,COMAS
120201,Junín,CONCEPCION,CONCEPCION
120207,Junín,CONCEPCION,HEROINAS TOLEDO
120208,Junín,CONCEPCION,MANZANARES
120209,Junín,CONCEPCION,MARISCAL CASTILLA
120210,Junín,CONCEPCION,MATAHUASI
120211,Junín,CONCEPCION,MITO
120212,Junín,CONCEPCION,NUEVE DE JULIO
120213,Junín,CONCEPCION,ORCOTUNA
120214,Junín,CONCEPCION,SAN JOSE DE QUERO
120215,Junín,CONCEPCION,SANTA ROSA DE OCOPA
120104,Junín,HUANCAYO,CARHUACALLANGA
120105,Junín,HUANCAYO,CHACAPAMPA
120106,Junín,HUANCAYO,CHICCHE
120107,Junín,HUANCAYO,CHILCA
120108,Junín,HUANCAYO,CHONGOS ALTO
120111,Junín,HUANCAYO,CHUPURO
120112,Junín,HUANCAYO,COLCA
120113,Junín,HUANCAYO,CULLHUAS
120114,Junín,HUANCAYO,EL TAMBO
120116,Junín,HUANCAYO,HUACRAPUQUIO
120117,Junín,HUANCAYO,HUALHUAS
120119,Junín,HUANCAYO,HUANCAN
120101,Junín,HUANCAYO,HUANCAYO
120120,Junín,HUANCAYO,HUASICANCHA
120121,Junín,HUANCAYO,HUAYUCACHI
120122,Junín,HUANCAYO,INGENIO
120124,Junín,HUANCAYO,PARIAHUANCA
120125,Junín,HUANCAYO,PILCOMAYO
120126,Junín,HUANCAYO,PUCARA
120127,Junín,HUANCAYO,QUICHUAY
120128,Junín,HUANCAYO,QUILCAS
120129,Junín,HUANCAYO,SAN AGUSTIN
120130,Junín,HUANCAYO,SAN JERONIMO DE TUNAN
120135,Junín,HUANCAYO,SANTO DOMINGO DE ACOBAMBA
120133,Junín,HUANCAYO,SAPALLANGA
120132,Junín,HUANCAYO,SAÑO
120134,Junín,HUANCAYO,SICAYA
120136,Junín,HUANCAYO,VIQUES
120402,Junín,JAUJA,ACOLLA
120403,Junín,JAUJA,APATA
120404,Junín,JAUJA,ATAURA
120405,Junín,JAUJA,CANCHAYLLO
120406,Junín,JAUJA,CURICACA
120407,Junín,JAUJA,EL MANTARO
120408,Junín,JAUJA,HUAMALI
120409,Junín,JAUJA,HUARIPAMPA
120410,Junín,JAUJA,HUERTAS
120411,Junín,JAUJA,JANJAILLO
120401,Junín,JAUJA,JAUJA
120412,Junín,JAUJA,JULCAN
120413,Junín,JAUJA,LEONOR ORDOÑEZ
120414,Junín,JAUJA,LLOCLLAPAMPA
120415,Junín,JAUJA,MARCO
120416,Junín,JAUJA,MASMA
120417,Junín,JAUJA,MASMA CHICCHE
120418,Junín,JAUJA,MOLINOS
120419,Junín,JAUJA,MONOBAMBA
120420,Junín,JAUJA,MUQUI
120421,Junín,JAUJA,MUQUIYAUYO
120422,Junín,JAUJA,PACA
120423,Junín,JAUJA,PACCHA
120424,Junín,JAUJA,PANCAN
120425,Junín,JAUJA,PARCO
120426,Junín,JAUJA,POMACANCHA
120427,Junín,JAUJA,RICRAN
120428,Junín,JAUJA,SAN LORENZO
120429,Junín,JAUJA,SAN PEDRO DE CHUNAN
120430,Junín,JAUJA,SAUSA
120431,Junín,JAUJA,SINCOS
120432,Junín,JAUJA,TUNAN MARCA
120433,Junín,JAUJA,YAULI
120434,Junín,JAUJA,YAUYOS
120502,Junín,JUNIN,CARHUAMAYO
120501,Junín,JUNIN,JUNIN
120503,Junín,JUNIN,ONDORES
120504,Junín,JUNIN,ULCUMAYO
120602,Junín,SATIPO,COVIRIALI
120603,Junín,SATIPO,LLAYLLA
120604,Junín,SATIPO,MAZAMARI
120605,Junín,SATIPO,PAMPA HERMOSA
120606,Junín,SATIPO,PANGOA
120607,Junín,SATIPO,RIO NEGRO
120608,Junín,SATIPO,RIO TAMBO
120601,Junín,SATIPO,SATIPO
120609,Junín,SATIPO,VIZCATÁN DEL ENE
120702,Junín,TARMA,ACOBAMBA
120703,Junín,TARMA,HUARICOLCA
120704,Junín,TARMA,HUASAHUASI
120705,Junín,TARMA,LA UNION
120706,Junín,TARMA,PALCA
120707,Junín,TARMA,PALCAMAYO
120708,Junín,TARMA,SAN PEDRO DE CAJAS
120709,Junín,TARMA,TAPO
120701,Junín,TARMA,TARMA
120802,Junín,YAULI,CHACAPALPA
120803,Junín,YAULI,HUAY-HUAY
120801,Junín,YAULI,LA OROYA
120804,Junín,YAULI,MARCAPOMACOCHA
120805,Junín,YAULI,MOROCOCHA
120806,Junín,YAULI,PACCHA
120807,Junín,YAULI,SANTA BARBARA DE CARHUACAYAN
120808,Junín,YAULI,SANTA ROSA DE SACCO
120809,Junín,YAULI,SUITUCANCHA
120810,Junín,YAULI,YAULI
130201,La Libertad,ASCOPE,ASCOPE
130208,La Libertad,ASCOPE,CASA GRANDE
130202,La Libertad,ASCOPE,CHICAMA
130203,La Libertad,ASCOPE,CHOCOPE
130204,La Libertad,ASCOPE,MAGDALENA DE CAO
130205,La Libertad,ASCOPE,PAIJAN
130206,La Libertad,ASCOPE,RAZURI
130207,La Libertad,ASCOPE,SANTIAGO DE CAO
130302,La Libertad,BOLIVAR,BAMBAMARCA
130301,La Libertad,BOLIVAR,BOLIVAR
130303,La Libertad,BOLIVAR,CONDORMARCA
130304,La Libertad,BOLIVAR,LONGOTEA
130305,La Libertad,BOLIVAR,UCHUMARCA
130306,La Libertad,BOLIVAR,UCUNCHA
130401,La Libertad,CHEPEN,CHEPEN
130402,La Libertad,CHEPEN,PACANGA
130403,La Libertad,CHEPEN,PUEBLO NUEVO
131101,La Libertad,GRAN CHIMU,CASCAS
131102,La Libertad,GRAN CHIMU,LUCMA
131103,La Libertad,GRAN CHIMU,MARMOT
131104,La Libertad,GRAN CHIMU,SAYAPULLO
130502,La Libertad,JULCAN,CALAMARCA
130503,La Libertad,JULCAN,CARABAMBA
130504,La Libertad,JULCAN,HUASO
130501,La Libertad,JULCAN,JULCAN
130602,La Libertad,OTUZCO,AGALLPAMPA
130604,La Libertad,OTUZCO,CHARAT
130605,La Libertad,OTUZCO,HUARANCHAL
130606,La Libertad,OTUZCO,LA CUESTA
130608,La Libertad,OTUZCO,MACHE
130601,La Libertad,OTUZCO,OTUZCO
130610,La Libertad,OTUZCO,PARANDAY
130611,La Libertad,OTUZCO,SALPO
130613,La Libertad,OTUZCO,SINSICAP
130614,La Libertad,OTUZCO,USQUIL
130702,La Libertad,PACASMAYO,GUADALUPE
130703,La Libertad,PACASMAYO,JEQUETEPEQUE
130704,La Libertad,PACASMAYO,PACASMAYO
130705,La Libertad,PACASMAYO,SAN JOSE
130701,La Libertad,PACASMAYO,SAN PEDRO DE LLOC
130802,La Libertad,PATAZ,BULDIBUYO
130803,La Libertad,PATAZ,CHILLIA
130804,La Libertad,PATAZ,HUANCASPATA
130805,La Libertad,PATAZ,HUAYLILLAS
130806,La Libertad,PATAZ,HUAYO
130807,La Libertad,PATAZ,ONGON
130808,La Libertad,PATAZ,PARCOY
130809,La Libertad,PATAZ,PATAZ
130810,La Libertad,PATAZ,PIAS
130811,La Libertad,PATAZ,SANTIAGO DE CHALLAS
130812,La Libertad,PATAZ,TAURIJA
130801,La Libertad,PATAZ,TAYABAMBA
130813,La Libertad,PATAZ,URPAY
130902,La Libertad,SANCHEZ CARRION,CHUGAY
130903,La Libertad,SANCHEZ CARRION,COCHORCO
130904,La Libertad,SANCHEZ CARRION,CURGOS
130901,La Libertad,SANCHEZ CARRION,HUAMACHUCO
130905,La Libertad,SANCHEZ CARRION,MARCABAL
130906,La Libertad,SANCHEZ CARRION,SANAGORAN
130907,La Libertad,SANCHEZ CARRION,SARIN
130908,La Libertad,SANCHEZ CARRION,SARTIMBAMBA
131002,La Libertad,SANTIAGO DE CHUCO,ANGASMARCA
131003,La Libertad,SANTIAGO DE CHUCO,CACHICADAN
131004,La Libertad,SANTIAGO DE CHUCO,MOLLEBAMBA
131005,La Libertad,SANTIAGO DE CHUCO,MOLLEPATA
131006,La Libertad,SANTIAGO DE CHUCO,QUIRUVILCA
131007,La Libertad,SANTIAGO DE CHUCO,SANTA CRUZ DE CHUCA
131001,La Libertad,SANTIAGO DE CHUCO,SANTIAGO DE CHUCO
131008,La Libertad,SANTIAGO DE CHUCO,SITABAMBA
130112,La Libertad,TRUJILLO,ALTO TRUJILLO
130102,La Libertad,TRUJILLO,EL PORVENIR
130103,La Libertad,TRUJILLO,FLORENCIA DE MORA
130104,La Libertad,TRUJILLO,HUANCHACO
130105,La Libertad,TRUJILLO,LA ESPERANZA
130106,La Libertad,TRUJILLO,LAREDO
130107,La Libertad,TRUJILLO,MOCHE
130108,La Libertad,TRUJILLO,POROTO
130109,La Libertad,TRUJILLO,SALAVERRY
130110,La Libertad,TRUJILLO,SIMBAL
130101,La Libertad,TRUJILLO,TRUJILLO
130111,La Libertad,TRUJILLO,VICTOR LARCO HERRERA
131202,La Libertad,VIRU,CHAO
131203,La Libertad,VIRU,GUADALUPITO
131201,La Libertad,VIRU,VIRU
140116,Lambayeque,CHICLAYO,CAYALTI
140101,Lambayeque,CHICLAYO,CHICLAYO
140102,Lambayeque,CHICLAYO,CHONGOYAPE
140103,Lambayeque,CHICLAYO,ETEN
140104,Lambayeque,CHICLAYO,ETEN PUERTO
140105,Lambayeque,CHICLAYO,JOSE LEONARDO ORTIZ
140106,Lambayeque,CHICLAYO,LA VICTORIA
140107,Lambayeque,CHICLAYO,LAGUNAS
140108,Lambayeque,CHICLAYO,MONSEFU
140109,Lambayeque,CHICLAYO,NUEVA ARICA
140110,Lambayeque,CHICLAYO,OYOTUN
140117,Lambayeque,CHICLAYO,PATAPO
140111,Lambayeque,CHICLAYO,PICSI
140112,Lambayeque,CHICLAYO,PIMENTEL
140118,Lambayeque,CHICLAYO,POMALCA
140119,Lambayeque,CHICLAYO,PUCALA
140113,Lambayeque,CHICLAYO,REQUE
140114,Lambayeque,CHICLAYO,SANTA ROSA
140115,Lambayeque,CHICLAYO,SAÑA
140120,Lambayeque,CHICLAYO,TUMAN
140202,Lambayeque,FERREÑAFE,CAÑARIS
140201,Lambayeque,FERREÑAFE,FERREÑAFE
140203,Lambayeque,FERREÑAFE,INCAHUASI
140204,Lambayeque,FERREÑAFE,MANUEL ANTONIO MESONES MURO
140205,Lambayeque,FERREÑAFE,PITIPO
140206,Lambayeque,FERREÑAFE,PUEBLO NUEVO
140302,Lambayeque,LAMBAYEQUE,CHOCHOPE
140303,Lambayeque,LAMBAYEQUE,ILLIMO
140304,Lambayeque,LAMBAYEQUE,JAYANCA
140301,Lambayeque,LAMBAYEQUE,LAMBAYEQUE
140305,Lambayeque,LAMBAYEQUE,MOCHUMI
140306,Lambayeque,LAMBAYEQUE,MORROPE
140307,Lambayeque,LAMBAYEQUE,MOTUPE
140308,Lambayeque,LAMBAYEQUE,OLMOS
140309,Lambayeque,LAMBAYEQUE,PACORA
140310,Lambayeque,LAMBAYEQUE,SALAS
140311,Lambayeque,LAMBAYEQUE,SAN JOSE
140312,Lambayeque,LAMBAYEQUE,TUCUME
150201,Lima,BARRANCA,BARRANCA
150202,Lima,BARRANCA,PARAMONGA
150203,Lima,BARRANCA,PATIVILCA
150204,Lima,BARRANCA,SUPE
150205,Lima,BARRANCA,SUPE PUERTO
150301,Lima,CAJATAMBO,CAJATAMBO
150302,Lima,CAJATAMBO,COPA
150303,Lima,CAJATAMBO,GORGOR
150304,Lima,CAJATAMBO,HUANCAPON
150305,Lima,CAJATAMBO,MANAS
150402,Lima,CANTA,ARAHUAY
150401,Lima,CANTA,CANTA
150403,Lima,CANTA,HUAMANTANGA
150404,Lima,CANTA,HUAROS
150405,Lima,CANTA,LACHAQUI
150406,Lima,CANTA,SAN BUENAVENTURA
150407,Lima,CANTA,SANTA ROSA DE QUIVES
150502,Lima,CAÑETE,ASIA
150503,Lima,CAÑETE,CALANGO
150504,Lima,CAÑETE,CERRO AZUL
150505,Lima,CAÑETE,CHILCA
150506,Lima,CAÑETE,COAYLLO
150507,Lima,CAÑETE,IMPERIAL
150508,Lima,CAÑETE,LUNAHUANA
150509,Lima,CAÑETE,MALA
150510,Lima,CAÑETE,NUEVO IMPERIAL
150511,Lima,CAÑETE,PACARAN
150512,Lima,CAÑETE,QUILMANA
150513,Lima,CAÑETE,SAN ANTONIO
150514,Lima,CAÑETE,SAN LUIS
150501,Lima,CAÑETE,SAN VICENTE DE CAÑETE
150515,Lima,CAÑETE,SANTA CRUZ DE FLORES
150516,Lima,CAÑETE,ZUÑIGA
150602,Lima,HUARAL,ATAVILLOS ALTO
150603,Lima,HUARAL,ATAVILLOS BAJO
150604,Lima,HUARAL,AUCALLAMA
150605,Lima,HUARAL,CHANCAY
150601,Lima,HUARAL,HUARAL
150606,Lima,HUARAL,IHUARI
150607,Lima,HUARAL,LAMPIAN
150608,Lima,HUARAL,PACARAOS
150609,Lima,HUARAL,SAN MIGUEL DE ACOS
150610,Lima,HUARAL,SANTA CRUZ DE ANDAMARCA
150611,Lima,HUARAL,SUMBILCA
150612,Lima,HUARAL,VEINTISIETE DE NOVIEMBRE
150702,Lima,HUAROCHIRI,ANTIOQUIA
150703,Lima,HUAROCHIRI,CALLAHUANCA
150704,Lima,HUAROCHIRI,CARAMPOMA
150724,Lima,HUAROCHIRI,CASTA
150705,Lima,HUAROCHIRI,CHICLA
150706,Lima,HUAROCHIRI,CUENCA
150707,Lima,HUAROCHIRI,HUACHUPAMPA
150708,Lima,HUAROCHIRI,HUANZA
150709,Lima,HUAROCHIRI,HUAROCHIRI
150710,Lima,HUAROCHIRI,LAHUAYTAMBO
150711,Lima,HUAROCHIRI,LANGA
150713,Lima,HUAROCHIRI,MARIATANA
150701,Lima,HUAROCHIRI,MATUCANA
150714,Lima,HUAROCHIRI,RICARDO PALMA
150715,Lima,HUAROCHIRI,SAN ANDRES DE TUPICOCHA
150716,Lima,HUAROCHIRI,SAN ANTONIO
150717,Lima,HUAROCHIRI,SAN BARTOLOME
150718,Lima,HUAROCHIRI,SAN DAMIAN
150719,Lima,HUAROCHIRI,SAN JUAN DE IRIS
150720,Lima,HUAROCHIRI,SAN JUAN DE TANTARANCHE
150721,Lima,HUAROCHIRI,SAN LORENZO DE QUINTI
150722,Lima,HUAROCHIRI,SAN MATEO
150723,Lima,HUAROCHIRI,SAN MATEO DE OTAO
150725,Lima,HUAROCHIRI,SAN PEDRO DE HUANCAYRE
150712,Lima,HUAROCHIRI,SAN PEDRO DE LARAOS
150726,Lima,HUAROCHIRI,SANGALLAYA
150727,Lima,HUAROCHIRI,SANTA CRUZ DE COCACHACRA
150728,Lima,HUAROCHIRI,SANTA EULALIA
150729,Lima,HUAROCHIRI,SANTIAGO DE ANCHUCAYA
150730,Lima,HUAROCHIRI,SANTIAGO DE TUNA
150731,Lima,HUAROCHIRI,SANTO DOMINGO DE LOS OLLEROS
150732,Lima,HUAROCHIRI,SURCO
150802,Lima,HUAURA,AMBAR
150803,Lima,HUAURA,CALETA DE CARQUIN
150804,Lima,HUAURA,CHECRAS
150801,Lima,HUAURA,HUACHO
150805,Lima,HUAURA,HUALMAY
150806,Lima,HUAURA,HUAURA
150807,Lima,HUAURA,LEONCIO PRADO
150808,Lima,HUAURA,PACCHO
150809,Lima,HUAURA,SANTA LEONOR
150810,Lima,HUAURA,SANTA MARIA
150811,Lima,HUAURA,SAYAN
150812,Lima,HUAURA,VEGUETA
150902,Lima,OYON,ANDAJES
150903,Lima,OYON,CAUJUL
150904,Lima,OYON,COCHAMARCA
150905,Lima,OYON,NAVAN
150901,Lima,OYON,OYON
150906,Lima,OYON,PACHANGARA
151002,Lima,YAUYOS,ALIS
151003,Lima,YAUYOS,ALLAUCA
151004,Lima,YAUYOS,AYAVIRI
151005,Lima,YAUYOS,AZANGARO
151006,Lima,YAUYOS,CACRA
151007,Lima,YAUYOS,CARANIA
151008,Lima,YAUYOS,CATAHUASI
151009,Lima,YAUYOS,CHOCOS
151010,Lima,YAUYOS,COCHAS
151011,Lima,YAUYOS,COLONIA
151012,Lima,YAUYOS,HONGOS
151013,Lima,YAUYOS,HUAMPARA
151014,Lima,YAUYOS,HUANCAYA
151015,Lima,YAUYOS,HUANGASCAR
151016,Lima,YAUYOS,HUANTAN
151017,Lima,YAUYOS,HUAÑEC
151018,Lima,YAUYOS,LARAOS
151019,Lima,YAUYOS,LINCHA
151020,Lima,YAUYOS,MADEAN
151021,Lima,YAUYOS,MIRAFLORES
151022,Lima,YAUYOS,OMAS
151023,Lima,YAUYOS,PUTINZA
151024,Lima,YAUYOS,QUINCHES
151025,Lima,YAUYOS,QUINOCAY
151026,Lima,YAUYOS,SAN JOAQUIN
151027,Lima,YAUYOS,SAN PEDRO DE PILAS
151028,Lima,YAUYOS,TANTA
151029,Lima,YAUYOS,TAURIPAMPA
151030,Lima,YAUYOS,TOMAS
151031,Lima,YAUYOS,TUPE
151033,Lima,YAUYOS,VITIS
151032,Lima,YAUYOS,VIÑAC
151001,Lima,YAUYOS,YAUYOS
160202,Loreto,ALTO AMAZONAS,BALSAPUERTO
160205,Loreto,ALTO AMAZONAS,JEBEROS
160206,Loreto,ALTO AMAZONAS,LAGUNAS
160210,Loreto,ALTO AMAZONAS,SANTA CRUZ
160211,Loreto,ALTO AMAZONAS,TENIENTE CESAR LOPEZ ROJAS
160201,Loreto,ALTO AMAZONAS,YURIMAGUAS
160706,Loreto,DATEM DEL MARAÑON,ANDOAS
160701,Loreto,DATEM DEL MARAÑON,BARRANCA
160702,Loreto,DATEM DEL MARAÑON,CAHUAPANAS
160703,Loreto,DATEM DEL MARAÑON,MANSERICHE
160704,Loreto,DATEM DEL MARAÑON,MORONA
160705,Loreto,DATEM DEL MARAÑON,PASTAZA
160301,Loreto,LORETO,NAUTA
160302,Loreto,LORETO,PARINARI
160303,Loreto,LORETO,TIGRE
160304,Loreto,LORETO,TROMPETEROS
160305,Loreto,LORETO,URARINAS
160402,Loreto,MARISCAL RAMON CASTILLA,PEBAS
160401,Loreto,MARISCAL RAMON CASTILLA,RAMON CASTILLA
160404,Loreto,MARISCAL RAMON CASTILLA,SAN PABLO
160403,Loreto,MARISCAL RAMON CASTILLA,YAVARI
160102,Loreto,MAYNAS,ALTO NANAY
160112,Loreto,MAYNAS,BELEN
160103,Loreto,MAYNAS,FERNANDO LORES
160104,Loreto,MAYNAS,INDIANA
160101,Loreto,MAYNAS,IQUITOS
160105,Loreto,MAYNAS,LAS AMAZONAS
160106,Loreto,MAYNAS,MAZAN
160107,Loreto,MAYNAS,NAPO
160108,Loreto,MAYNAS,PUNCHANA
160113,Loreto,MAYNAS,SAN JUAN BAUTISTA
160110,Loreto,MAYNAS,TORRES CAUSANA
160801,Loreto,PUTUMAYO,PUTUMAYO
160802,Loreto,PUTUMAYO,ROSA PANDURO
160803,Loreto,PUTUMAYO,TENIENTE MANUEL CLAVERO
160804,Loreto,PUTUMAYO,YAGUAS
160502,Loreto,REQUENA,ALTO TAPICHE
160503,Loreto,REQUENA,CAPELO
160504,Loreto,REQUENA,EMILIO SAN MARTIN
160510,Loreto,REQUENA,JENARO HERRERA
160505,Loreto,REQUENA,MAQUIA
160506,Loreto,REQUENA,PUINAHUA
160501,Loreto,REQUENA,REQUENA
160507,Loreto,REQUENA,SAQUENA
160508,Loreto,REQUENA,SOPLIN
160509,Loreto,REQUENA,TAPICHE
160511,Loreto,REQUENA,YAQUERANA
160601,Loreto,UCAYALI,CONTAMANA
160602,Loreto,UCAYALI,INAHUAYA
160603,Loreto,UCAYALI,PADRE MARQUEZ
160604,Loreto,UCAYALI,PAMPA HERMOSA
160605,Loreto,UCAYALI,SARAYACU
160606,Loreto,UCAYALI,VARGAS GUERRA
170202,Madre de Dios,MANU,FITZCARRALD
170204,Madre de Dios,MANU,HUEPETUHE
170203,Madre de Dios,MANU,MADRE DE DIOS
170201,Madre de Dios,MANU,MANU
170302,Madre de Dios,TAHUAMANU,IBERIA
170301,Madre de Dios,TAHUAMANU,IÑAPARI
170303,Madre de Dios,TAHUAMANU,TAHUAMANU
170102,Madre de Dios,TAMBOPATA,INAMBARI
170104,Madre de Dios,TAMBOPATA,LABERINTO
170103,Madre de Dios,TAMBOPATA,LAS PIEDRAS
170101,Madre de Dios,TAMBOPATA,TAMBOPATA
180202,Moquegua,GENERAL SANCHEZ CERRO,CHOJATA
180203,Moquegua,GENERAL SANCHEZ CERRO,COALAQUE
180204,Moquegua,GENERAL SANCHEZ CERRO,ICHUÑA
180205,Moquegua,GENERAL SANCHEZ CERRO,LA CAPILLA
180206,Moquegua,GENERAL SANCHEZ CERRO,LLOQUE
180207,Moquegua,GENERAL SANCHEZ CERRO,MATALAQUE
180201,Moquegua,GENERAL SANCHEZ CERRO,OMATE
180208,Moquegua,GENERAL SANCHEZ CERRO,PUQUINA
180209,Moquegua,GENERAL SANCHEZ CERRO,QUINISTAQUILLAS
180210,Moquegua,GENERAL SANCHEZ CERRO,UBINAS
180211,Moquegua,GENERAL SANCHEZ CERRO,YUNGA
180302,Moquegua,ILO,EL ALGARROBAL
180301,Moquegua,ILO,ILO
180303,Moquegua,ILO,PACOCHA
180102,Moquegua,MARISCAL NIETO,CARUMAS
180103,Moquegua,MARISCAL NIETO,CUCHUMBAYA
180101,Moquegua,MARISCAL NIETO,MOQUEGUA
180104,Moquegua,MARISCAL NIETO,SAMEGUA
180107,Moquegua,MARISCAL NIETO,SAN ANTONIO
180105,Moquegua,MARISCAL NIETO,SAN CRISTOBAL
180106,Moquegua,MARISCAL NIETO,TORATA
150102,Municipalidad Metropolitana de Lima,LIMA,ANCON
150103,Municipalidad Metropolitana de Lima,LIMA,ATE
150104,Municipalidad Metropolitana de Lima,LIMA,BARRANCO
150105,Municipalidad Metropolitana de Lima,LIMA,BREÑA
150106,Municipalidad Metropolitana de Lima,LIMA,CARABAYLLO
150107,Municipalidad Metropolitana de Lima,LIMA,CHACLACAYO
150108,Municipalidad Metropolitana de Lima,LIMA,CHORRILLOS
150109,Municipalidad Metropolitana de Lima,LIMA,CIENEGUILLA
150110,Municipalidad Metropolitana de Lima,LIMA,COMAS
150111,Municipalidad Metropolitana de Lima,LIMA,EL AGUSTINO
150112,Municipalidad Metropolitana de Lima,LIMA,INDEPENDENCIA
150113,Municipalidad Metropolitana de Lima,LIMA,JESUS MARIA
150114,Municipalidad Metropolitana de Lima,LIMA,LA MOLINA
150115,Municipalidad Metropolitana de Lima,LIMA,LA VICTORIA
150101,Municipalidad Metropolitana de Lima,LIMA,LIMA
150116,Municipalidad Metropolitana de Lima,LIMA,LINCE
150117,Municipalidad Metropolitana de Lima,LIMA,LOS OLIVOS
150118,Municipalidad Metropolitana de Lima,LIMA,LURIGANCHO
150119,Municipalidad Metropolitana de Lima,LIMA,LURIN
150120,Municipalidad Metropolitana de Lima,LIMA,MAGDALENA DEL MAR
150122,Municipalidad Metropolitana de Lima,LIMA,MIRAFLORES
150123,Municipalidad Metropolitana de Lima,LIMA,PACHACAMAC
150124,Municipalidad Metropolitana de Lima,LIMA,PUCUSANA
150121,Municipalidad Metropolitana de Lima,LIMA,PUEBLO LIBRE
150125,Municipalidad Metropolitana de Lima,LIMA,PUENTE PIEDRA
150126,Municipalidad Metropolitana de Lima,LIMA,PUNTA HERMOSA
150127,Municipalidad Metropolitana de Lima,LIMA,PUNTA NEGRA
150128,Municipalidad Metropolitana de Lima,LIMA,RIMAC
150129,Municipalidad Metropolitana de Lima,LIMA,SAN BARTOLO
150130,Municipalidad Metropolitana de Lima,LIMA,SAN BORJA
150131,Municipalidad Metropolitana de Lima,LIMA,SAN ISIDRO
150132,Municipalidad Metropolitana de Lima,LIMA,SAN JUAN DE LURIGANCHO
150133,Municipalidad Metropolitana de Lima,LIMA,SAN JUAN DE MIRAFLORES
150134,Municipalidad Metropolitana de Lima,LIMA,SAN LUIS
150135,Municipalidad Metropolitana de Lima,LIMA,SAN MARTIN DE PORRES
150136,Municipalidad Metropolitana de Lima,LIMA,SAN MIGUEL
150137,Municipalidad Metropolitana de Lima,LIMA,SANTA ANITA
150138,Municipalidad Metropolitana de Lima,LIMA,SANTA MARIA DEL MAR
150139,Municipalidad Metropolitana de Lima,LIMA,SANTA ROSA
150140,Municipalidad Metropolitana de Lima,LIMA,SANTIAGO DE SURCO
150141,Municipalidad Metropolitana de Lima,LIMA,SURQUILLO
150142,Municipalidad Metropolitana de Lima,LIMA,VILLA EL SALVADOR
150143,Municipalidad Metropolitana de Lima,LIMA,VILLA MARIA DEL TRIUNFO
190202,Pasco,DANIEL ALCIDES CARRION,CHACAYAN
190203,Pasco,DANIEL ALCIDES CARRION,GOYLLARISQUIZGA
190204,Pasco,DANIEL ALCIDES CARRION,PAUCAR
190205,Pasco,DANIEL ALCIDES CARRION,SAN PEDRO DE PILLAO
190206,Pasco,DANIEL ALCIDES CARRION,SANTA ANA DE TUSI
190207,Pasco,DANIEL ALCIDES CARRION,TAPUC
190208,Pasco,DANIEL ALCIDES CARRION,VILCABAMBA
190201,Pasco,DANIEL ALCIDES CARRION,YANAHUANCA
190302,Pasco,OXAPAMPA,CHONTABAMBA
190308,Pasco,OXAPAMPA,CONSTITUCION
190303,Pasco,OXAPAMPA,HUANCABAMBA
190301,Pasco,OXAPAMPA,OXAPAMPA
190304,Pasco,OXAPAMPA,PALCAZU
190305,Pasco,OXAPAMPA,POZUZO
190306,Pasco,OXAPAMPA,PUERTO BERMUDEZ
190307,Pasco,OXAPAMPA,VILLA RICA
190101,Pasco,PASCO,CHAUPIMARCA
190102,Pasco,PASCO,HUACHON
190103,Pasco,PASCO,HUARIACA
190104,Pasco,PASCO,HUAYLLAY
190105,Pasco,PASCO,NINACACA
190106,Pasco,PASCO,PALLANCHACRA
190107,Pasco,PASCO,PAUCARTAMBO
190108,Pasco,PASCO,SAN FRANCISCO DE ASIS DE YARUSYACAN
190109,Pasco,PASCO,SIMON BOLIVAR
190110,Pasco,PASCO,TICLACAYAN
190111,Pasco,PASCO,TINYAHUARCO
190112,Pasco,PASCO,VICCO
190113,Pasco,PASCO,YANACANCHA
200201,Piura,AYABACA,AYABACA
200202,Piura,AYABACA,FRIAS
200203,Piura,AYABACA,JILILI
200204,Piura,AYABACA,LAGUNAS
200205,Piura,AYABACA,MONTERO
200206,Piura,AYABACA,PACAIPAMPA
200207,Piura,AYABACA,PAIMAS
200208,Piura,AYABACA,SAPILLICA
200209,Piura,AYABACA,SICCHEZ
200210,Piura,AYABACA,SUYO
200302,Piura,HUANCABAMBA,CANCHAQUE
200303,Piura,HUANCABAMBA,EL CARMEN DE LA FRONTERA
200301,Piura,HUANCABAMBA,HUANCABAMBA
200304,Piura,HUANCABAMBA,HUARMACA
200305,Piura,HUANCABAMBA,LALAQUIZ
200306,Piura,HUANCABAMBA,SAN MIGUEL DE EL FAIQUE
200307,Piura,HUANCABAMBA,SONDOR
200308,Piura,HUANCABAMBA,SONDORILLO
200402,Piura,MORROPON,BUENOS AIRES
200403,Piura,MORROPON,CHALACO
200401,Piura,MORROPON,CHULUCANAS
200404,Piura,MORROPON,LA MATANZA
200405,Piura,MORROPON,MORROPON
200406,Piura,MORROPON,SALITRAL
200407,Piura,MORROPON,SAN JUAN DE BIGOTE
200408,Piura,MORROPON,SANTA CATALINA DE MOSSA
200409,Piura,MORROPON,SANTO DOMINGO
200410,Piura,MORROPON,YAMANGO
200502,Piura,PAITA,AMOTAPE
200503,Piura,PAITA,ARENAL
200504,Piura,PAITA,COLAN
200505,Piura,PAITA,LA HUACA
200501,Piura,PAITA,PAITA
200506,Piura,PAITA,TAMARINDO
200507,Piura,PAITA,VICHAYAL
200104,Piura,PIURA,CASTILLA
200105,Piura,PIURA,CATACAOS
200107,Piura,PIURA,CURA MORI
200108,Piura,PIURA,EL TALLAN
200109,Piura,PIURA,LA ARENA
200110,Piura,PIURA,LA UNION
200111,Piura,PIURA,LAS LOMAS
200101,Piura,PIURA,PIURA
200114,Piura,PIURA,TAMBO GRANDE
200115,Piura,PIURA,VEINTISEIS DE OCTUBRE
200802,Piura,SECHURA,BELLAVISTA DE LA UNION
200803,Piura,SECHURA,BERNAL
200804,Piura,SECHURA,CRISTO NOS VALGA
200806,Piura,SECHURA,RINCONADA LLICUAR
200801,Piura,SECHURA,SECHURA
200805,Piura,SECHURA,VICE
200602,Piura,SULLANA,BELLAVISTA
200603,Piura,SULLANA,IGNACIO ESCUDERO
200604,Piura,SULLANA,LANCONES
200605,Piura,SULLANA,MARCAVELICA
200606,Piura,SULLANA,MIGUEL CHECA
200607,Piura,SULLANA,QUERECOTILLO
200608,Piura,SULLANA,SALITRAL
200601,Piura,SULLANA,SULLANA
200702,Piura,TALARA,EL ALTO
200703,Piura,TALARA,LA BREA
200704,Piura,TALARA,LOBITOS
200705,Piura,TALARA,LOS ORGANOS
200706,Piura,TALARA,MANCORA
200701,Piura,TALARA,PARIÑAS
210202,Puno,AZANGARO,ACHAYA
210203,Puno,AZANGARO,ARAPA
210204,Puno,AZANGARO,ASILLO
210201,Puno,AZANGARO,AZANGARO
210205,Puno,AZANGARO,CAMINACA
210206,Puno,AZANGARO,CHUPA
210207,Puno,AZANGARO,JOSE DOMINGO CHOQUEHUANCA
210208,Puno,AZANGARO,MUÑANI
210209,Puno,AZANGARO,POTONI
210210,Puno,AZANGARO,SAMAN
210211,Puno,AZANGARO,SAN ANTON
210212,Puno,AZANGARO,SAN JOSE
210213,Puno,AZANGARO,SAN JUAN DE SALINAS
210214,Puno,AZANGARO,SANTIAGO DE PUPUJA
210215,Puno,AZANGARO,TIRAPATA
210302,Puno,CARABAYA,AJOYANI
210303,Puno,CARABAYA,AYAPATA
210304,Puno,CARABAYA,COASA
210305,Puno,CARABAYA,CORANI
210306,Puno,CARABAYA,CRUCERO
210307,Puno,CARABAYA,ITUATA
210301,Puno,CARABAYA,MACUSANI
210308,Puno,CARABAYA,OLLACHEA
210309,Puno,CARABAYA,SAN GABAN
210310,Puno,CARABAYA,USICAYOS
210402,Puno,CHUCUITO,DESAGUADERO
210403,Puno,CHUCUITO,HUACULLANI
210401,Puno,CHUCUITO,JULI
210404,Puno,CHUCUITO,KELLUYO
210405,Puno,CHUCUITO,PISACOMA
210406,Puno,CHUCUITO,POMATA
210407,Puno,CHUCUITO,ZEPITA
210502,Puno,EL COLLAO,CAPASO
210505,Puno,EL COLLAO,CONDURIRI
210501,Puno,EL COLLAO,ILAVE
210503,Puno,EL COLLAO,PILCUYO
210504,Puno,EL COLLAO,SANTA ROSA
210602,Puno,HUANCANE,COJATA
210601,Puno,HUANCANE,HUANCANE
210603,Puno,HUANCANE,HUATASANI
210604,Puno,HUANCANE,INCHUPALLA
210605,Puno,HUANCANE,PUSI
210606,Puno,HUANCANE,ROSASPATA
210607,Puno,HUANCANE,TARACO
210608,Puno,HUANCANE,VILQUE CHICO
210702,Puno,LAMPA,CABANILLA
210703,Puno,LAMPA,CALAPUJA
210701,Puno,LAMPA,LAMPA
210704,Puno,LAMPA,NICASIO
210705,Puno,LAMPA,OCUVIRI
210706,Puno,LAMPA,PALCA
210707,Puno,LAMPA,PARATIA
210708,Puno,LAMPA,PUCARA
210709,Puno,LAMPA,SANTA LUCIA
210710,Puno,LAMPA,VILAVILA
210802,Puno,MELGAR,ANTAUTA
210801,Puno,MELGAR,AYAVIRI
210803,Puno,MELGAR,CUPI
210804,Puno,MELGAR,LLALLI
210805,Puno,MELGAR,MACARI
210806,Puno,MELGAR,NUÑOA
210807,Puno,MELGAR,ORURILLO
210808,Puno,MELGAR,SANTA ROSA
210809,Puno,MELGAR,UMACHIRI
210902,Puno,MOHO,CONIMA
210903,Puno,MOHO,HUAYRAPATA
210901,Puno,MOHO,MOHO
210904,Puno,MOHO,TILALI
210102,Puno,PUNO,ACORA
210103,Puno,PUNO,AMANTANI
210104,Puno,PUNO,ATUNCOLLA
210105,Puno,PUNO,CAPACHICA
210106,Puno,PUNO,CHUCUITO
210107,Puno,PUNO,COATA
210108,Puno,PUNO,HUATA
210109,Puno,PUNO,MAÑAZO
210110,Puno,PUNO,PAUCARCOLLA
210111,Puno,PUNO,PICHACANI
210112,Puno,PUNO,PLATERIA
210101,Puno,PUNO,PUNO
210113,Puno,PUNO,SAN ANTONIO
210114,Puno,PUNO,TIQUILLACA
210115,Puno,PUNO,VILQUE
211002,Puno,SAN ANTONIO DE PUTINA,ANANEA
211003,Puno,SAN ANTONIO DE PUTINA,PEDRO VILCA APAZA
211001,Puno,SAN ANTONIO DE PUTINA,PUTINA
211004,Puno,SAN ANTONIO DE PUTINA,QUILCAPUNCU
211005,Puno,SAN ANTONIO DE PUTINA,SINA
211102,Puno,SAN ROMAN,CABANA
211103,Puno,SAN ROMAN,CABANILLAS
211104,Puno,SAN ROMAN,CARACOTO
211101,Puno,SAN ROMAN,JULIACA
211105,Puno,SAN ROMAN,SAN MIGUEL
211209,Puno,SANDIA,ALTO INAMBARI
211202,Puno,SANDIA,CUYOCUYO
211203,Puno,SANDIA,LIMBANI
211204,Puno,SANDIA,PATAMBUCO
211205,Puno,SANDIA,PHARA
211206,Puno,SANDIA,QUIACA
211207,Puno,SANDIA,SAN JUAN DEL ORO
211210,Puno,SANDIA,SAN PEDRO DE PUTINA PUNCO
211201,Puno,SANDIA,SANDIA
211208,Puno,SANDIA,YANAHUAYA
211302,Puno,YUNGUYO,ANAPIA
211303,Puno,YUNGUYO,COPANI
211304,Puno,YUNGUYO,CUTURAPI
211305,Puno,YUNGUYO,OLLARAYA
211306,Puno,YUNGUYO,TINICACHI
211307,Puno,YUNGUYO,UNICACHI
211301,Puno,YUNGUYO,YUNGUYO
220202,San Martín,BELLAVISTA,ALTO BIAVO
220203,San Martín,BELLAVISTA,BAJO BIAVO
220201,San Martín,BELLAVISTA,BELLAVISTA
220204,San Martín,BELLAVISTA,HUALLAGA
220205,San Martín,BELLAVISTA,SAN PABLO
220206,San Martín,BELLAVISTA,SAN RAFAEL
220302,San Martín,EL DORADO,AGUA BLANCA
220301,San Martín,EL DORADO,SAN JOSE DE SISA
220303,San Martín,EL DORADO,SAN MARTIN
220304,San Martín,EL DORADO,SANTA ROSA
220305,San Martín,EL DORADO,SHATOJA
220402,San Martín,HUALLAGA,ALTO SAPOSOA
220403,San Martín,HUALLAGA,EL ESLABON
220404,San Martín,HUALLAGA,PISCOYACU
220405,San Martín,HUALLAGA,SACANCHE
220401,San Martín,HUALLAGA,SAPOSOA
220406,San Martín,HUALLAGA,TINGO DE SAPOSOA
220502,San Martín,LAMAS,ALONSO DE ALVARADO
220503,San Martín,LAMAS,BARRANQUITA
220504,San Martín,LAMAS,CAYNARACHI
220505,San Martín,LAMAS,CUÑUMBUQUI
220501,San Martín,LAMAS,LAMAS
220506,San Martín,LAMAS,PINTO RECODO
220507,San Martín,LAMAS,RUMISAPA
220508,San Martín,LAMAS,SAN ROQUE DE CUMBAZA
220509,San Martín,LAMAS,SHANAO
220510,San Martín,LAMAS,TABALOSOS
220511,San Martín,LAMAS,ZAPATERO
220602,San Martín,MARISCAL CACERES,CAMPANILLA
220603,San Martín,MARISCAL CACERES,HUICUNGO
220601,San Martín,MARISCAL CACERES,JUANJUI
220604,San Martín,MARISCAL CACERES,PACHIZA
220605,San Martín,MARISCAL CACERES,PAJARILLO
220102,San Martín,MOYOBAMBA,CALZADA
220103,San Martín,MOYOBAMBA,HABANA
220104,San Martín,MOYOBAMBA,JEPELACIO
220101,San Martín,MOYOBAMBA,MOYOBAMBA
220105,San Martín,MOYOBAMBA,SORITOR
220106,San Martín,MOYOBAMBA,YANTALO
220702,San Martín,PICOTA,BUENOS AIRES
220703,San Martín,PICOTA,CASPISAPA
220701,San Martín,PICOTA,PICOTA
220704,San Martín,PICOTA,PILLUANA
220705,San Martín,PICOTA,PUCACACA
220706,San Martín,PICOTA,SAN CRISTOBAL
220707,San Martín,PICOTA,SAN HILARION
220708,San Martín,PICOTA,SHAMBOYACU
220709,San Martín,PICOTA,TINGO DE PONASA
220710,San Martín,PICOTA,TRES UNIDOS
220802,San Martín,RIOJA,AWAJUN
220803,San Martín,RIOJA,ELIAS SOPLIN VARGAS
220804,San Martín,RIOJA,NUEVA CAJAMARCA
220805,San Martín,RIOJA,PARDO MIGUEL
220806,San Martín,RIOJA,POSIC
220801,San Martín,RIOJA,RIOJA
220807,San Martín,RIOJA,SAN FERNANDO
220808,San Martín,RIOJA,YORONGOS
220809,San Martín,RIOJA,YURACYACU
220902,San Martín,SAN MARTIN,ALBERTO LEVEAU
220903,San Martín,SAN MARTIN,CACATACHI
220904,San Martín,SAN MARTIN,CHAZUTA
220905,San Martín,SAN MARTIN,CHIPURANA
220906,San Martín,SAN MARTIN,EL PORVENIR
220907,San Martín,SAN MARTIN,HUIMBAYOC
220908,San Martín,SAN MARTIN,JUAN GUERRA
220909,San Martín,SAN MARTIN,LA BANDA DE SHILCAYO
220910,San Martín,SAN MARTIN,MORALES
220911,San Martín,SAN MARTIN,PAPAPLAYA
220912,San Martín,SAN MARTIN,SAN ANTONIO
220913,San Martín,SAN MARTIN,SAUCE
220914,San Martín,SAN MARTIN,SHAPAJA
220901,San Martín,SAN MARTIN,TARAPOTO
221002,San Martín,TOCACHE,NUEVO PROGRESO
221003,San Martín,TOCACHE,POLVORA
221006,San Martín,TOCACHE,SANTA LUCIA
221004,San Martín,TOCACHE,SHUNTE
221001,San Martín,TOCACHE,TOCACHE
221005,San Martín,TOCACHE,UCHIZA
230202,Tacna,CANDARAVE,CAIRANI
230203,Tacna,CANDARAVE,CAMILACA
230201,Tacna,CANDARAVE,CANDARAVE
230204,Tacna,CANDARAVE,CURIBAYA
230205,Tacna,CANDARAVE,HUANUARA
230206,Tacna,CANDARAVE,QUILAHUANI
230302,Tacna,JORGE BASADRE,ILABAYA
230303,Tacna,JORGE BASADRE,ITE
230301,Tacna,JORGE BASADRE,LOCUMBA
230102,Tacna,TACNA,ALTO DE LA ALIANZA
230103,Tacna,TACNA,CALANA
230104,Tacna,TACNA,CIUDAD NUEVA
230110,Tacna,TACNA,CORONEL GREGORIO ALBARRACIN LANCHIPA
230105,Tacna,TACNA,INCLAN
230111,Tacna,TACNA,LA YARADA LOS PALOS
230106,Tacna,TACNA,PACHIA
230107,Tacna,TACNA,PALCA
230108,Tacna,TACNA,POCOLLAY
230109,Tacna,TACNA,SAMA
230101,Tacna,TACNA,TACNA
230403,Tacna,TARATA,ESTIQUE
230404,Tacna,TARATA,ESTIQUE PAMPA
230402,Tacna,TARATA,HEROES ALBARRACIN
230405,Tacna,TARATA,SITAJARA
230406,Tacna,TARATA,SUSAPAYA
230401,Tacna,TARATA,TARATA
230407,Tacna,TARATA,TARUCACHI
230408,Tacna,TARATA,TICACO
240203,Tumbes,CONTRALMIRANTE VILLAR,CANOAS DE PUNTA SAL
240202,Tumbes,CONTRALMIRANTE VILLAR,CASITAS
240201,Tumbes,CONTRALMIRANTE VILLAR,ZORRITOS
240102,Tumbes,TUMBES,CORRALES
240103,Tumbes,TUMBES,LA CRUZ
240104,Tumbes,TUMBES,PAMPAS DE HOSPITAL
240105,Tumbes,TUMBES,SAN JACINTO
240106,Tumbes,TUMBES,SAN JUAN DE LA VIRGEN
240101,Tumbes,TUMBES,TUMBES
240302,Tumbes,ZARUMILLA,AGUAS VERDES
240303,Tumbes,ZARUMILLA,MATAPALO
240304,Tumbes,ZARUMILLA,PAPAYAL
240301,Tumbes,ZARUMILLA,ZARUMILLA
250201,Ucayali,ATALAYA,RAIMONDI
250202,Ucayali,ATALAYA,SEPAHUA
250203,Ucayali,ATALAYA,TAHUANIA
250204,Ucayali,ATALAYA,YURUA
250101,Ucayali,CORONEL PORTILLO,CALLERIA
250102,Ucayali,CORONEL PORTILLO,CAMPOVERDE
250103,Ucayali,CORONEL PORTILLO,IPARIA
250107,Ucayali,CORONEL PORTILLO,MANANTAY
250104,Ucayali,CORONEL PORTILLO,MASISEA
250106,Ucayali,CORONEL PORTILLO,NUEVA REQUENA
250105,Ucayali,CORONEL PORTILLO,YARINACOCHA
250305,Ucayali,PADRE ABAD,ALEXANDER VON HUMBOLDT
250307,Ucayali,PADRE ABAD,BOQUERON
250303,Ucayali,PADRE ABAD,CURIMANA
250306,Ucayali,PADRE ABAD,HUIPOCA
250302,Ucayali,PADRE ABAD,IRAZOLA
250304,Ucayali,PADRE ABAD,NESHUYA
250301,Ucayali,PADRE ABAD,PADRE ABAD
250401,Ucayali,PURUS,PURUS